mut,EPICC_C551_D1_G5_D1,EPICC_C551_E1_B1_D1
chr1:1980746_C/T,0.358208955223881,0.0
chr1:3039282_C/A,0.3529411764705879,0.0
chr1:6455432_G/A,0.232558139534884,0.0
chr1:9390974_C/T,0.21739130434782603,0.0
chr1:11461538_C/T,0.38235294117647106,0.0
chr1:11897574_C/G,0.3529411764705879,0.0
chr1:12764100_T/G,0.23529411764705901,0.0
chr1:12849479_A/G,0.40540540540540504,0.0
chr1:14245430_A/G,0.351351351351351,0.0
chr1:14747340_G/A,0.23809523809523803,0.0
chr1:16922384_G/T,0.313725490196078,0.0
chr1:17424581_T/C,0.24324324324324303,0.0
chr1:18372164_A/G,0.407407407407407,0.0
chr1:20005862_C/T,0.34210526315789497,0.0
chr1:27521101_A/C,0.222222222222222,0.0
chr1:28196041_A/AC,0.277777777777778,0.0
chr1:29003000_A/G,0.354838709677419,0.0
chr1:29283556_C/G,0.37931034482758597,0.0
chr1:31449380_G/A,0.32142857142857106,0.0
chr1:35550351_G/GA,0.157894736842105,0.0
chr1:37653239_T/C,0.195652173913043,0.0
chr1:38329675_G/T,0.326086956521739,0.0
chr1:40875535_G/T,0.324324324324324,0.0
chr1:43920758_C/T,0.3725490196078429,0.0
chr1:44724303_G/A,0.3529411764705879,0.0
chr1:50593399_T/A,0.27586206896551696,0.0
chr1:53098634_G/T,0.191176470588235,0.0
chr1:53396605_G/A,0.3928571428571429,0.0
chr1:53483099_T/C,0.23076923076923103,0.0
chr1:54125622_C/CG,0.170212765957447,0.0
chr1:56010359_C/T,0.28571428571428603,0.0
chr1:56806258_G/A,0.38235294117647106,0.0
chr1:58564146_A/G,0.14285714285714302,0.0
chr1:60655105_GA/G,0.28571428571428603,0.0
chr1:67475245_C/T,0.34285714285714297,0.0
chr1:69208152_C/A,0.305555555555556,0.0
chr1:70254168_T/G,0.40625,0.0
chr1:70919089_C/T,0.38888888888888895,0.0
chr1:74671594_C/T,0.258064516129032,0.0
chr1:75172310_G/A,0.33333333333333304,0.0
chr1:78056585_AT/A,0.304347826086957,0.0
chr1:78548841_G/C,0.19230769230769199,0.0
chr1:80937271_G/T,0.3928571428571429,0.0
chr1:81782628_A/G,0.422222222222222,0.0
chr1:82119176_A/C,0.263157894736842,0.0
chr1:82403053_T/C,0.38095238095238104,0.0
chr1:82860749_C/CT,0.22727272727272702,0.0
chr1:88826691_A/G,0.206896551724138,0.0
chr1:94048993_G/A,0.23529411764705901,0.0
chr1:94418963_T/G,0.42857142857142894,0.0
chr1:97361001_T/C,0.28571428571428603,0.0
chr1:97452552_C/A,0.326530612244898,0.0
chr1:98123910_T/A,0.23913043478260898,0.0
chr1:102444950_C/A,0.3,0.0
chr1:103611438_A/T,0.260869565217391,0.0
chr1:103841946_G/A,0.323529411764706,0.0
chr1:103848380_A/G,0.289473684210526,0.0
chr1:104140005_G/A,0.15625,0.0
chr1:104212915_C/T,0.31707317073170693,0.0
chr1:105765788_G/T,0.3,0.0
chr1:106188853_A/C,0.214285714285714,0.0
chr1:106584373_C/T,0.4166666666666671,0.0
chr1:107314021_A/G,0.25,0.0
chr1:109263535_G/C,0.25925925925925897,0.0
chr1:111306118_A/T,0.31818181818181795,0.0
chr1:112023271_C/T,0.297297297297297,0.0
chr1:113809995_A/C,0.19230769230769199,0.0
chr1:114373422_T/A,0.266666666666667,0.0
chr1:117704726_A/G,0.444444444444444,0.0
chr1:117994931_C/A,0.3,0.0
chr1:118352740_G/A,0.28571428571428603,0.0
chr1:119465349_G/A,0.39130434782608703,0.0
chr1:125045753_C/T,0.206896551724138,0.0
chr1:143593445_C/T,0.48571428571428604,0.0
chr1:143625550_AG/A,0.263157894736842,0.0
chr1:144483881_C/T,0.4375,0.0
chr1:147464045_C/T,0.307692307692308,0.0
chr1:147899050_C/T,0.4,0.0
chr1:150666265_C/T,0.307692307692308,0.0
chr1:151467468_T/C,0.20588235294117604,0.0
chr1:154626506_A/AC,0.137931034482759,0.0
chr1:155106924_A/G,0.21875,0.0
chr1:156353893_C/G,0.38983050847457595,0.0
chr1:160483259_C/T,0.18604651162790697,0.0
chr1:161608176_G/A,0.3125,0.0
chr1:161621808_G/T,0.225,0.0
chr1:162307356_A/G,0.18181818181818202,0.0
chr1:165262016_A/G,0.19047619047619,0.0
chr1:165902505_G/T,0.214285714285714,0.0
chr1:166608786_G/A,0.166666666666667,0.0
chr1:168612231_A/C,0.277777777777778,0.0
chr1:168707223_C/A,0.19230769230769199,0.0
chr1:170570314_C/T,0.404761904761905,0.0
chr1:170650030_C/T,0.255813953488372,0.0
chr1:174958157_A/G,0.4166666666666671,0.0
chr1:176417189_C/T,0.30188679245283,0.0
chr1:177327715_A/G,0.23333333333333303,0.0
chr1:178806090_A/T,0.25925925925925897,0.0
chr1:181458034_G/A,0.192982456140351,0.0
chr1:181525499_T/C,0.20588235294117604,0.0
chr1:182556960_T/A,0.277777777777778,0.0
chr1:183517069_A/G,0.297297297297297,0.0
chr1:186978442_A/G,0.23333333333333303,0.0
chr1:188634776_G/A,0.153846153846154,0.0
chr1:191376064_C/T,0.282051282051282,0.0
chr1:196057024_C/A,0.20588235294117604,0.0
chr1:196244973_C/T,0.422222222222222,0.0
chr1:197049590_G/A,0.27027027027027,0.0
chr1:197502905_G/A,0.409090909090909,0.0
chr1:200039071_C/T,0.25,0.0
chr1:204683349_A/T,0.25,0.0
chr1:204728407_C/T,0.24242424242424201,0.0
chr1:208905813_A/G,0.42857142857142894,0.0
chr1:213913844_T/A,0.378378378378378,0.0
chr1:214466718_T/C,0.32142857142857106,0.0
chr1:214498944_G/A,0.15151515151515196,0.0
chr1:216200834_C/T,0.34210526315789497,0.0
chr1:218857264_T/A,0.24390243902439002,0.0
chr1:220361506_G/A,0.276595744680851,0.0
chr1:222882177_A/G,0.4,0.0
chr1:226159335_T/C,0.326086956521739,0.0
chr1:226338535_C/T,0.3125,0.0
chr1:226787122_G/T,0.32,0.0
chr1:228354181_G/A,0.29032258064516103,0.0
chr1:228405986_C/T,0.3529411764705879,0.0
chr1:229323581_C/T,0.38888888888888895,0.0
chr1:231289754_C/T,0.39344262295082005,0.0
chr1:236742109_C/T,0.272727272727273,0.0
chr1:236754722_G/A,0.275,0.0
chr1:241465675_G/A,0.46875,0.0
chr1:242786509_C/T,0.3666666666666671,0.0
chr1:243077284_G/C,0.261904761904762,0.0
chr1:243589523_G/T,0.25,0.0
chr1:244229913_G/A,0.4583333333333329,0.0
chr1:245014693_G/A,0.294117647058824,0.0
chr1:245388438_G/A,0.307692307692308,0.0
chr1:247270044_G/A,0.293103448275862,0.0
chr1:247591175_T/A,0.214285714285714,0.0
chr1:248244713_T/A,0.28571428571428603,0.0
chr1:248319129_C/A,0.444444444444444,0.0
chr1:248370043_C/T,0.34782608695652195,0.0
chr2:1512469_G/A,0.304347826086957,0.0
chr2:2172103_C/T,0.2,0.0
chr2:2496406_C/A,0.297297297297297,0.0
chr2:2599378_G/A,0.19047619047619,0.0
chr2:4303975_C/A,0.3125,0.0
chr2:6006407_T/A,0.25714285714285695,0.0
chr2:9851906_T/G,0.22580645161290303,0.0
chr2:12196954_A/T,0.32142857142857106,0.0
chr2:13220294_C/T,0.354838709677419,0.0
chr2:14037587_T/C,0.166666666666667,0.0
chr2:16494828_G/A,0.34285714285714297,0.0
chr2:17001747_G/T,0.25,0.0
chr2:17271777_C/T,0.4,0.0
chr2:17471950_G/A,0.272727272727273,0.0
chr2:17993926_G/A,0.23684210526315802,0.0
chr2:18716718_T/A,0.375,0.0
chr2:21026719_C/A,0.41304347826086996,0.0
chr2:22135773_A/G,0.266666666666667,0.0
chr2:23069000_T/A,0.305555555555556,0.0
chr2:26319039_G/A,0.28571428571428603,0.0
chr2:28197815_C/T,0.407407407407407,0.0
chr2:29461044_C/T,0.23809523809523803,0.0
chr2:32574613_A/G,0.206896551724138,0.0
chr2:32659783_G/A,0.323529411764706,0.0
chr2:33677032_C/T,0.387096774193548,0.0
chr2:33827634_A/G,0.46153846153846206,0.0
chr2:35402808_G/A,0.216216216216216,0.0
chr2:35946199_C/T,0.260869565217391,0.0
chr2:38435967_G/A,0.4,0.0
chr2:39069085_C/A,0.34615384615384603,0.0
chr2:41141594_G/C,0.46153846153846206,0.0
chr2:42529605_C/G,0.175438596491228,0.0
chr2:43100539_C/T,0.162162162162162,0.0
chr2:45763021_G/A,0.292682926829268,0.0
chr2:49666780_C/T,0.4833333333333329,0.0
chr2:50634958_C/A,0.33333333333333304,0.0
chr2:51488270_C/T,0.28,0.0
chr2:51772164_C/A,0.161290322580645,0.0
chr2:52497870_C/T,0.288135593220339,0.0
chr2:52609061_G/A,0.1875,0.0
chr2:53966082_T/C,0.25,0.0
chr2:59249187_C/A,0.23076923076923103,0.0
chr2:62583888_G/T,0.3666666666666671,0.0
chr2:63446772_T/C,0.22727272727272702,0.0
chr2:64693659_T/A,0.315789473684211,0.0
chr2:66207927_C/T,0.46428571428571397,0.0
chr2:72355271_C/T,0.3571428571428571,0.0
chr2:76087610_G/A,0.289473684210526,0.0
chr2:76515871_G/T,0.384615384615385,0.0
chr2:77615786_C/T,0.277777777777778,0.0
chr2:78989970_A/T,0.2,0.0
chr2:81083042_A/G,0.384615384615385,0.0
chr2:82235067_A/G,0.4,0.0
chr2:84261344_C/T,0.25,0.0
chr2:84387718_G/A,0.46666666666666706,0.0
chr2:85345846_C/G,0.327868852459016,0.0
chr2:85836631_G/A,0.1875,0.0
chr2:86614639_T/C,0.16,0.0
chr2:88688425_A/T,0.25,0.0
chr2:89137529_G/T,0.46153846153846206,0.0
chr2:89997066_T/G,0.6,0.0
chr2:92076615_C/T,0.2,0.0
chr2:94762662_A/C,0.185185185185185,0.0
chr2:95202705_C/T,0.4166666666666671,0.0
chr2:96555313_G/A,0.33333333333333304,0.0
chr2:96839044_C/T,0.36363636363636404,0.0
chr2:102198510_A/T,0.25925925925925897,0.0
chr2:103913053_G/T,0.260869565217391,0.0
chr2:105224018_C/T,0.387096774193548,0.0
chr2:106181733_T/C,0.3,0.0
chr2:107733350_G/A,0.3125,0.0
chr2:109255838_T/G,0.5,0.0
chr2:113089672_A/G,0.27027027027027,0.0
chr2:114315848_C/A,0.211538461538462,0.0
chr2:114336333_G/A,0.33333333333333304,0.0
chr2:115082832_G/T,0.4782608695652171,0.0
chr2:115112076_G/A,0.3,0.0
chr2:115291132_T/A,0.15625,0.0
chr2:116179959_G/C,0.222222222222222,0.0
chr2:117247559_A/G,0.260869565217391,0.0
chr2:117903570_A/G,0.32,0.0
chr2:117994713_AT/A,0.166666666666667,0.0
chr2:118552925_A/G,0.28571428571428603,0.0
chr2:120921609_T/A,0.155172413793103,0.0
chr2:121798914_A/G,0.214285714285714,0.0
chr2:122341290_G/A,0.44186046511627897,0.0
chr2:122844774_T/A,0.25641025641025605,0.0
chr2:123468850_TA/T,0.33333333333333304,0.0
chr2:123826491_G/C,0.1875,0.0
chr2:124939798_A/G,0.30188679245283,0.0
chr2:127970330_C/A,0.4,0.0
chr2:128389419_G/A,0.26829268292682895,0.0
chr2:129036207_G/T,0.28571428571428603,0.0
chr2:129228893_T/C,0.282051282051282,0.0
chr2:131669809_C/G,0.225,0.0
chr2:133184878_T/A,0.32142857142857106,0.0
chr2:133407232_C/T,0.28571428571428603,0.0
chr2:134893470_G/C,0.297297297297297,0.0
chr2:136843135_A/T,0.214285714285714,0.0
chr2:138778346_T/A,0.214285714285714,0.0
chr2:139648419_T/C,0.25925925925925897,0.0
chr2:140053631_C/T,0.27027027027027,0.0
chr2:141872233_G/C,0.304347826086957,0.0
chr2:142617296_C/A,0.34615384615384603,0.0
chr2:142945371_C/T,0.24242424242424201,0.0
chr2:145054701_A/G,0.21052631578947398,0.0
chr2:146874923_T/A,0.15,0.0
chr2:147427761_C/T,0.33333333333333304,0.0
chr2:152462579_T/C,0.161290322580645,0.0
chr2:156141443_A/T,0.323529411764706,0.0
chr2:162470639_G/A,0.23404255319148898,0.0
chr2:164461974_G/A,0.28571428571428603,0.0
chr2:164991164_GA/G,0.18181818181818202,0.0
chr2:165183570_G/A,0.29166666666666696,0.0
chr2:169975331_T/A,0.18421052631578896,0.0
chr2:173680652_C/T,0.384615384615385,0.0
chr2:178994302_C/T,0.255813953488372,0.0
chr2:180091019_T/C,0.4333333333333329,0.0
chr2:181164396_G/C,0.33333333333333304,0.0
chr2:183885993_G/A,0.351351351351351,0.0
chr2:184385504_G/A,0.348837209302326,0.0
chr2:186221933_C/A,0.260869565217391,0.0
chr2:192588312_G/A,0.37037037037037,0.0
chr2:193068059_A/T,0.5714285714285711,0.0
chr2:193286424_A/C,0.21875,0.0
chr2:195456094_C/A,0.28571428571428603,0.0
chr2:196413664_T/A,0.148148148148148,0.0
chr2:203910076_AT/A,0.2,0.0
chr2:208128389_C/T,0.4,0.0
chr2:209022417_T/G,0.148148148148148,0.0
chr2:210555440_A/G,0.18181818181818202,0.0
chr2:212436781_G/A,0.208333333333333,0.0
chr2:214221756_T/C,0.23529411764705901,0.0
chr2:216344784_C/T,0.266666666666667,0.0
chr2:216725683_A/G,0.23809523809523803,0.0
chr2:217197939_G/A,0.32258064516129,0.0
chr2:226090489_TA/T,0.28571428571428603,0.0
chr2:227949617_C/T,0.34146341463414603,0.0
chr2:230558996_G/T,0.29032258064516103,0.0
chr2:231863812_TA/T,0.25925925925925897,0.0
chr2:232497978_C/T,0.444444444444444,0.0
chr2:235192232_G/A,0.2,0.0
chr2:237032053_T/A,0.47368421052631604,0.0
chr2:238763742_G/A,0.378378378378378,0.0
chr2:238926359_G/A,0.32258064516129,0.0
chr2:239856740_C/T,0.21818181818181798,0.0
chr2:241977783_C/T,0.448979591836735,0.0
chr3:123123_G/A,0.16,0.0
chr3:1981936_T/A,0.444444444444444,0.0
chr3:2361751_G/A,0.294117647058824,0.0
chr3:5742930_G/A,0.266666666666667,0.0
chr3:6257707_G/A,0.34615384615384603,0.0
chr3:7674494_A/G,0.33333333333333304,0.0
chr3:8571702_C/T,0.375,0.0
chr3:9474596_C/G,0.267857142857143,0.0
chr3:10688675_G/A,0.35555555555555607,0.0
chr3:13361896_G/A,0.29787234042553196,0.0
chr3:13799917_C/A,0.261904761904762,0.0
chr3:17076468_G/A,0.34615384615384603,0.0
chr3:17087737_C/T,0.31818181818181795,0.0
chr3:18887979_T/A,0.32142857142857106,0.0
chr3:20087499_A/G,0.33333333333333304,0.0
chr3:27241531_T/C,0.25,0.0
chr3:28736885_C/A,0.19047619047619,0.0
chr3:29013401_C/T,0.375,0.0
chr3:29599947_A/G,0.3125,0.0
chr3:29628928_A/G,0.6428571428571429,0.0
chr3:32746084_G/C,0.25714285714285695,0.0
chr3:36596533_C/T,0.365853658536585,0.0
chr3:36824142_C/T,0.31818181818181795,0.0
chr3:37480988_C/T,0.211538461538462,0.0
chr3:38772749_A/T,0.24,0.0
chr3:38813228_A/G,0.31707317073170693,0.0
chr3:40283215_C/T,0.408163265306122,0.0
chr3:41360310_G/A,0.39130434782608703,0.0
chr3:44997115_G/A,0.14285714285714302,0.0
chr3:45231915_A/G,0.261904761904762,0.0
chr3:45885177_C/T,0.425531914893617,0.0
chr3:50724573_C/T,0.261904761904762,0.0
chr3:50846506_G/T,0.3666666666666671,0.0
chr3:54808906_C/G,0.33333333333333304,0.0
chr3:56703288_G/A,0.14285714285714302,0.0
chr3:57738251_G/A,0.28571428571428603,0.0
chr3:61102511_T/C,0.24137931034482799,0.0
chr3:61179198_C/T,0.258064516129032,0.0
chr3:61582556_A/G,0.292682926829268,0.0
chr3:61793454_T/C,0.384615384615385,0.0
chr3:62731165_T/C,0.324324324324324,0.0
chr3:63808184_G/A,0.65,0.0
chr3:65609385_C/T,0.260869565217391,0.0
chr3:66943590_G/T,0.314285714285714,0.0
chr3:68587212_C/T,0.258064516129032,0.0
chr3:73647294_AT/A,0.23076923076923103,0.0
chr3:73913794_G/A,0.17647058823529396,0.0
chr3:74059030_G/A,0.33333333333333304,0.0
chr3:74239381_C/A,0.307692307692308,0.0
chr3:74436828_C/T,0.3571428571428571,0.0
chr3:75725573_T/A,0.277777777777778,0.0
chr3:75954547_C/T,0.44,0.0
chr3:76815770_G/T,0.16,0.0
chr3:77678751_C/T,0.33333333333333304,0.0
chr3:78401510_C/T,0.225,0.0
chr3:78472925_C/A,0.28125,0.0
chr3:78766995_G/A,0.23333333333333303,0.0
chr3:81010487_A/G,0.2,0.0
chr3:81811325_G/A,0.326923076923077,0.0
chr3:82376574_G/C,0.266666666666667,0.0
chr3:82989458_A/T,0.25925925925925897,0.0
chr3:83049035_AT/A,0.4,0.0
chr3:83075801_A/T,0.33333333333333304,0.0
chr3:83403592_G/A,0.41025641025640996,0.0
chr3:83404419_C/T,0.3125,0.0
chr3:84190153_G/A,0.36363636363636404,0.0
chr3:84222866_A/G,0.33333333333333304,0.0
chr3:84709735_A/G,0.269230769230769,0.0
chr3:86570438_C/T,0.225,0.0
chr3:86676372_C/A,0.43589743589743607,0.0
chr3:86741856_A/T,0.523809523809524,0.0
chr3:87885200_C/A,0.413793103448276,0.0
chr3:89076604_T/C,0.305555555555556,0.0
chr3:91374163_C/A,0.2,0.0
chr3:100429098_G/A,0.34615384615384603,0.0
chr3:100479965_C/A,0.34146341463414603,0.0
chr3:100890274_C/A,0.38235294117647106,0.0
chr3:100975307_T/C,0.31034482758620696,0.0
chr3:102878232_G/A,0.3,0.0
chr3:103376535_C/T,0.44,0.0
chr3:104266364_C/T,0.31034482758620696,0.0
chr3:104573764_T/A,0.409090909090909,0.0
chr3:105363496_C/T,0.323529411764706,0.0
chr3:107971680_C/T,0.208333333333333,0.0
chr3:109780057_CATG/C,0.324324324324324,0.0
chr3:110989560_C/A,0.166666666666667,0.0
chr3:111847995_C/T,0.4,0.0
chr3:112457261_G/A,0.29166666666666696,0.0
chr3:116712124_T/C,0.4,0.0
chr3:118135389_G/A,0.29032258064516103,0.0
chr3:118213113_G/A,0.38888888888888895,0.0
chr3:118559334_G/T,0.26829268292682895,0.0
chr3:119786490_A/G,0.166666666666667,0.0
chr3:120803763_C/T,0.393939393939394,0.0
chr3:121415392_T/A,0.21739130434782603,0.0
chr3:121940194_A/G,0.323529411764706,0.0
chr3:122215070_G/C,0.38888888888888895,0.0
chr3:123058354_G/A,0.404761904761905,0.0
chr3:126135554_G/A,0.140625,0.0
chr3:126447578_C/T,0.35897435897435903,0.0
chr3:131112918_A/G,0.212121212121212,0.0
chr3:132451745_GC/G,0.277777777777778,0.0
chr3:133886684_C/T,0.266666666666667,0.0
chr3:134734065_G/T,0.315789473684211,0.0
chr3:135402075_A/G,0.263157894736842,0.0
chr3:135875922_G/A,0.17647058823529396,0.0
chr3:136985037_T/A,0.51219512195122,0.0
chr3:137887964_G/T,0.444444444444444,0.0
chr3:139702258_C/T,0.25641025641025605,0.0
chr3:141188438_G/A,0.306122448979592,0.0
chr3:144102948_G/C,0.43478260869565205,0.0
chr3:146720602_G/A,0.23333333333333303,0.0
chr3:146741520_GC/G,0.5,0.0
chr3:148760428_A/G,0.17391304347826098,0.0
chr3:149318008_G/A,0.31818181818181795,0.0
chr3:152245544_A/G,0.25,0.0
chr3:153453395_A/G,0.4,0.0
chr3:154369748_G/C,0.35897435897435903,0.0
chr3:154705702_C/A,0.3,0.0
chr3:154919762_A/G,0.263157894736842,0.0
chr3:154999745_C/T,0.25,0.0
chr3:161066634_G/A,0.34482758620689696,0.0
chr3:162506858_G/C,0.36363636363636404,0.0
chr3:163214454_G/T,0.36111111111111105,0.0
chr3:163995797_G/A,0.214285714285714,0.0
chr3:165839547_T/C,0.33333333333333304,0.0
chr3:168622490_T/A,0.409090909090909,0.0
chr3:168957549_T/G,0.17073170731707302,0.0
chr3:169077908_T/C,0.53125,0.0
chr3:172920569_T/C,0.25925925925925897,0.0
chr3:176360664_G/A,0.33333333333333304,0.0
chr3:176728662_A/G,0.153846153846154,0.0
chr3:177736082_A/G,0.289473684210526,0.0
chr3:178908582_C/T,0.419354838709677,0.0
chr3:181527584_C/T,0.206896551724138,0.0
chr3:183300224_G/A,0.477272727272727,0.0
chr3:184296805_G/A,0.4,0.0
chr3:186702669_G/C,0.31707317073170693,0.0
chr3:187261691_A/G,0.222222222222222,0.0
chr3:187306367_T/C,0.269230769230769,0.0
chr3:189492294_T/C,0.33333333333333304,0.0
chr3:191693652_G/A,0.14285714285714302,0.0
chr3:191801000_A/AT,0.22727272727272702,0.0
chr3:192008186_C/T,0.25641025641025605,0.0
chr3:192389822_T/C,0.28571428571428603,0.0
chr3:192430522_A/T,0.33333333333333304,0.0
chr3:196155662_A/G,0.384615384615385,0.0
chr4:620062_G/A,0.33333333333333304,0.0
chr4:6454194_G/A,0.25714285714285695,0.0
chr4:6764009_C/G,0.21951219512195103,0.0
chr4:7437073_T/C,0.419354838709677,0.0
chr4:7681893_G/A,0.21739130434782603,0.0
chr4:9670847_G/A,0.37142857142857105,0.0
chr4:12026149_C/T,0.2,0.0
chr4:12602579_C/G,0.375,0.0
chr4:16367929_T/A,0.419354838709677,0.0
chr4:16671197_A/T,0.36,0.0
chr4:19393093_A/T,0.23684210526315802,0.0
chr4:20201976_A/G,0.272727272727273,0.0
chr4:21327496_G/C,0.153846153846154,0.0
chr4:21565261_G/A,0.37209302325581395,0.0
chr4:22236755_T/A,0.33333333333333304,0.0
chr4:24466774_C/T,0.222222222222222,0.0
chr4:24655666_T/C,0.25,0.0
chr4:24850964_T/A,0.3666666666666671,0.0
chr4:25436740_C/T,0.23076923076923103,0.0
chr4:25731648_G/T,0.34,0.0
chr4:27726462_C/T,0.33333333333333304,0.0
chr4:27730491_C/T,0.31707317073170693,0.0
chr4:27769651_T/C,0.157894736842105,0.0
chr4:27870107_G/A,0.307692307692308,0.0
chr4:28349796_A/T,0.36363636363636404,0.0
chr4:29899587_G/C,0.263157894736842,0.0
chr4:30238828_G/T,0.459459459459459,0.0
chr4:32041333_G/T,0.17142857142857096,0.0
chr4:33147426_C/T,0.608695652173913,0.0
chr4:33833398_A/C,0.304347826086957,0.0
chr4:33875983_T/G,0.19047619047619,0.0
chr4:35140807_C/G,0.222222222222222,0.0
chr4:35455631_T/G,0.3529411764705879,0.0
chr4:36874707_A/G,0.47619047619047605,0.0
chr4:39762532_C/G,0.23684210526315802,0.0
chr4:40454482_T/C,0.32,0.0
chr4:41744860_G/A,0.29824561403508804,0.0
chr4:43120697_C/T,0.282608695652174,0.0
chr4:43846134_G/A,0.34693877551020397,0.0
chr4:44353538_C/T,0.25,0.0
chr4:44602882_T/C,0.161290322580645,0.0
chr4:44602884_G/C,0.161290322580645,0.0
chr4:48697629_G/A,0.189189189189189,0.0
chr4:49012432_G/A,0.172413793103448,0.0
chr4:52547162_C/G,0.244897959183673,0.0
chr4:54933130_GA/AT,0.21052631578947398,0.0
chr4:56515795_A/G,0.368421052631579,0.0
chr4:58026353_G/C,0.23809523809523803,0.0
chr4:58050955_A/G,0.34615384615384603,0.0
chr4:58132682_A/G,0.31707317073170693,0.0
chr4:62197537_T/A,0.258064516129032,0.0
chr4:62874058_A/G,0.31034482758620696,0.0
chr4:63146896_T/A,0.19230769230769199,0.0
chr4:63248139_C/T,0.37142857142857105,0.0
chr4:63681972_G/T,0.25714285714285695,0.0
chr4:65956173_A/G,0.33333333333333304,0.0
chr4:66767247_G/A,0.212121212121212,0.0
chr4:66898477_G/T,0.153846153846154,0.0
chr4:67320808_T/C,0.46153846153846206,0.0
chr4:73421023_A/G,0.3529411764705879,0.0
chr4:75293645_C/T,0.3571428571428571,0.0
chr4:75910113_C/T,0.222222222222222,0.0
chr4:76453008_G/A,0.29032258064516103,0.0
chr4:76698526_C/T,0.2,0.0
chr4:79598437_A/G,0.1875,0.0
chr4:82394158_C/T,0.34615384615384603,0.0
chr4:83258436_C/G,0.28125,0.0
chr4:86742845_G/C,0.4782608695652171,0.0
chr4:87894077_C/T,0.35555555555555607,0.0
chr4:89432040_A/T,0.35897435897435903,0.0
chr4:89488111_T/A,0.28571428571428603,0.0
chr4:95550923_T/C,0.3,0.0
chr4:97996292_C/G,0.266666666666667,0.0
chr4:99255116_C/T,0.444444444444444,0.0
chr4:99940226_A/C,0.34615384615384603,0.0
chr4:104003627_G/A,0.282051282051282,0.0
chr4:104054661_G/A,0.45,0.0
chr4:105379450_T/C,0.172413793103448,0.0
chr4:107010503_G/A,0.43478260869565205,0.0
chr4:107248560_C/T,0.17142857142857096,0.0
chr4:107864857_A/C,0.36363636363636404,0.0
chr4:108444427_C/T,0.33333333333333304,0.0
chr4:110473232_T/G,0.325,0.0
chr4:115895061_A/C,0.294117647058824,0.0
chr4:119941368_AC/A,0.214285714285714,0.0
chr4:121549079_C/T,0.19047619047619,0.0
chr4:123547323_A/T,0.28846153846153805,0.0
chr4:125564441_G/A,0.37142857142857105,0.0
chr4:129545775_G/T,0.48387096774193505,0.0
chr4:129545780_C/T,0.46875,0.0
chr4:131496499_G/A,0.37209302325581395,0.0
chr4:131517992_G/A,0.45,0.0
chr4:131918263_G/T,0.37037037037037,0.0
chr4:133072580_G/T,0.354838709677419,0.0
chr4:133693177_T/C,0.272727272727273,0.0
chr4:134451565_A/C,0.24137931034482799,0.0
chr4:135979929_T/C,0.172413793103448,0.0
chr4:137435531_A/G,0.23076923076923103,0.0
chr4:137782923_AT/A,0.38095238095238104,0.0
chr4:138291021_C/T,0.36363636363636404,0.0
chr4:139322714_C/T,0.42857142857142894,0.0
chr4:141194876_G/A,0.25,0.0
chr4:141861221_C/T,0.304347826086957,0.0
chr4:142440016_T/G,0.409090909090909,0.0
chr4:144231560_A/AT,0.38095238095238104,0.0
chr4:145427940_CAT/C,0.3,0.0
chr4:146815604_G/A,0.296296296296296,0.0
chr4:150011918_G/A,0.32,0.0
chr4:151143158_G/A,0.263157894736842,0.0
chr4:153248675_C/T,0.354838709677419,0.0
chr4:155601454_C/T,0.409090909090909,0.0
chr4:155988042_G/A,0.2,0.0
chr4:156199181_C/T,0.33333333333333304,0.0
chr4:158658544_C/T,0.452380952380952,0.0
chr4:159409233_C/T,0.29032258064516103,0.0
chr4:159499517_C/G,0.36363636363636404,0.0
chr4:159618162_T/C,0.393939393939394,0.0
chr4:161326646_A/G,0.33333333333333304,0.0
chr4:161943792_T/C,0.296296296296296,0.0
chr4:163873916_C/T,0.277777777777778,0.0
chr4:166416104_G/T,0.2,0.0
chr4:166974747_C/G,0.25,0.0
chr4:167239562_T/C,0.384615384615385,0.0
chr4:167261971_C/T,0.266666666666667,0.0
chr4:169620455_C/T,0.2,0.0
chr4:170645021_C/T,0.33333333333333304,0.0
chr4:171934340_T/C,0.19444444444444395,0.0
chr4:172617602_G/A,0.33333333333333304,0.0
chr4:173670925_G/A,0.25,0.0
chr4:174078676_A/G,0.384615384615385,0.0
chr4:175049173_G/A,0.17777777777777803,0.0
chr4:175408062_C/T,0.34375,0.0
chr4:175464694_G/A,0.325,0.0
chr4:175526079_C/A,0.18181818181818202,0.0
chr4:175563301_C/T,0.304347826086957,0.0
chr4:175653216_C/T,0.23076923076923103,0.0
chr4:178042429_G/T,0.1875,0.0
chr4:178804274_G/T,0.28571428571428603,0.0
chr4:180129912_C/T,0.34375,0.0
chr4:181791161_C/T,0.266666666666667,0.0
chr4:182689778_G/A,0.22727272727272702,0.0
chr4:184125293_A/T,0.214285714285714,0.0
chr4:186878186_T/C,0.25,0.0
chr4:188106543_G/A,0.253731343283582,0.0
chr4:189112500_C/T,0.20588235294117604,0.0
chr4:189571211_C/T,0.22727272727272702,0.0
chr5:745820_G/A,0.23214285714285698,0.0
chr5:1983510_C/T,0.41509433962264203,0.0
chr5:2300523_C/T,0.302325581395349,0.0
chr5:2894861_C/T,0.296296296296296,0.0
chr5:3249354_A/G,0.32,0.0
chr5:3444730_T/A,0.294117647058824,0.0
chr5:3650725_T/A,0.324324324324324,0.0
chr5:4011000_C/A,0.292682926829268,0.0
chr5:4022949_C/T,0.25925925925925897,0.0
chr5:4023452_C/T,0.43478260869565205,0.0
chr5:4281296_C/T,0.269230769230769,0.0
chr5:4584412_G/A,0.26829268292682895,0.0
chr5:7411841_C/T,0.162790697674419,0.0
chr5:7603252_G/A,0.3921568627450979,0.0
chr5:9828464_T/A,0.23684210526315802,0.0
chr5:12666660_G/A,0.162790697674419,0.0
chr5:13680998_G/A,0.45161290322580605,0.0
chr5:14279764_C/T,0.178571428571429,0.0
chr5:14486784_C/G,0.314285714285714,0.0
chr5:15326548_C/T,0.212121212121212,0.0
chr5:15592187_A/G,0.33333333333333304,0.0
chr5:15626459_A/G,0.409090909090909,0.0
chr5:15936772_C/T,0.293103448275862,0.0
chr5:19389299_G/T,0.161290322580645,0.0
chr5:22089184_A/T,0.407407407407407,0.0
chr5:22589290_C/A,0.3,0.0
chr5:22727705_T/G,0.33333333333333304,0.0
chr5:23067288_A/C,0.304347826086957,0.0
chr5:23302919_G/A,0.33333333333333304,0.0
chr5:23304199_G/A,0.16,0.0
chr5:23503541_A/G,0.19230769230769199,0.0
chr5:24535167_G/A,0.222222222222222,0.0
chr5:24809971_G/GT,0.2,0.0
chr5:25306117_C/T,0.42857142857142894,0.0
chr5:26029794_T/A,0.22857142857142898,0.0
chr5:26342130_G/A,0.4782608695652171,0.0
chr5:27112403_G/C,0.39130434782608703,0.0
chr5:27127445_T/C,0.5185185185185179,0.0
chr5:27309509_T/A,0.33333333333333304,0.0
chr5:27345348_T/G,0.384615384615385,0.0
chr5:27524392_G/A,0.36363636363636404,0.0
chr5:28124449_G/T,0.306122448979592,0.0
chr5:28397586_G/A,0.3125,0.0
chr5:28820197_C/T,0.3571428571428571,0.0
chr5:30278507_C/T,0.214285714285714,0.0
chr5:31301235_G/A,0.28571428571428603,0.0
chr5:36657538_C/T,0.40625,0.0
chr5:39279819_G/A,0.3,0.0
chr5:41011329_A/G,0.42857142857142894,0.0
chr5:43510615_AT/A,0.28571428571428603,0.0
chr5:44420280_G/A,0.24,0.0
chr5:45672831_C/A,0.42857142857142894,0.0
chr5:46386548_G/A,0.266666666666667,0.0
chr5:55949020_T/C,0.2,0.0
chr5:55954831_C/T,0.214285714285714,0.0
chr5:57942555_T/TA,0.24,0.0
chr5:58086271_C/A,0.38888888888888895,0.0
chr5:58542845_C/T,0.36956521739130394,0.0
chr5:59719984_A/G,0.375,0.0
chr5:64545911_G/A,0.22857142857142898,0.0
chr5:67211886_C/T,0.378378378378378,0.0
chr5:67693352_C/T,0.216216216216216,0.0
chr5:72677220_C/T,0.387096774193548,0.0
chr5:74028998_C/A,0.294117647058824,0.0
chr5:74313353_C/T,0.34615384615384603,0.0
chr5:75180085_T/A,0.137931034482759,0.0
chr5:76383600_G/T,0.302325581395349,0.0
chr5:80567787_C/T,0.354838709677419,0.0
chr5:81228146_C/T,0.348837209302326,0.0
chr5:82486692_G/A,0.258064516129032,0.0
chr5:84492972_G/GA,0.3529411764705879,0.0
chr5:85197734_C/A,0.4,0.0
chr5:85938809_G/A,0.19444444444444395,0.0
chr5:86095782_A/T,0.302325581395349,0.0
chr5:87485664_T/A,0.43589743589743607,0.0
chr5:88865958_C/A,0.216216216216216,0.0
chr5:89003767_C/T,0.206349206349206,0.0
chr5:91335482_GA/AT,0.22580645161290303,0.0
chr5:92643503_A/G,0.413793103448276,0.0
chr5:92786793_A/AG,0.34782608695652195,0.0
chr5:94438116_G/T,0.4,0.0
chr5:97504742_GA/G,0.315789473684211,0.0
chr5:97715122_G/A,0.302325581395349,0.0
chr5:100515263_C/G,0.24,0.0
chr5:101200681_C/A,0.206896551724138,0.0
chr5:101517717_C/T,0.526315789473684,0.0
chr5:101864311_T/A,0.25641025641025605,0.0
chr5:105167540_A/G,0.25,0.0
chr5:105859419_G/A,0.33333333333333304,0.0
chr5:106399789_G/A,0.277777777777778,0.0
chr5:107444112_G/A,0.260869565217391,0.0
chr5:109357058_C/T,0.258064516129032,0.0
chr5:111527147_C/G,0.32,0.0
chr5:113630312_G/A,0.4,0.0
chr5:114542668_G/A,0.23076923076923103,0.0
chr5:114684048_A/C,0.26829268292682895,0.0
chr5:115248356_C/T,0.23076923076923103,0.0
chr5:118446257_TA/T,0.2,0.0
chr5:125034932_A/G,0.166666666666667,0.0
chr5:127481470_C/A,0.20588235294117604,0.0
chr5:133327046_T/A,0.32,0.0
chr5:136914197_G/A,0.22580645161290303,0.0
chr5:137422600_G/A,0.33333333333333304,0.0
chr5:138449526_G/T,0.271186440677966,0.0
chr5:138574519_T/G,0.3125,0.0
chr5:140353516_A/AT,0.307692307692308,0.0
chr5:140767394_T/A,0.315789473684211,0.0
chr5:142600858_T/C,0.375,0.0
chr5:146686869_A/AAG,0.3571428571428571,0.0
chr5:147616254_A/G,0.34210526315789497,0.0
chr5:148476445_G/C,0.20512820512820498,0.0
chr5:149786259_AT/A,0.46666666666666706,0.0
chr5:151418616_T/C,0.365853658536585,0.0
chr5:152047119_C/T,0.368421052631579,0.0
chr5:152479826_G/A,0.20253164556961997,0.0
chr5:152822794_C/T,0.42857142857142894,0.0
chr5:152923876_G/A,0.208333333333333,0.0
chr5:152972152_C/T,0.31034482758620696,0.0
chr5:152983045_T/C,0.37037037037037,0.0
chr5:154600644_C/T,0.23809523809523803,0.0
chr5:154628155_T/C,0.4375,0.0
chr5:155106675_G/C,0.25,0.0
chr5:155555046_T/C,0.5333333333333329,0.0
chr5:155669079_G/A,0.422222222222222,0.0
chr5:158120595_A/T,0.305555555555556,0.0
chr5:160278602_G/A,0.216216216216216,0.0
chr5:161931266_C/T,0.375,0.0
chr5:161945133_G/A,0.3571428571428571,0.0
chr5:162573230_AT/A,0.22727272727272702,0.0
chr5:163284457_G/A,0.340425531914894,0.0
chr5:163898493_C/T,0.25925925925925897,0.0
chr5:164730208_C/T,0.4583333333333329,0.0
chr5:166540144_A/G,0.1875,0.0
chr5:167792267_T/C,0.25,0.0
chr5:169705069_C/T,0.17391304347826098,0.0
chr5:170070181_G/A,0.222222222222222,0.0
chr5:171066288_G/A,0.419354838709677,0.0
chr5:174089493_G/A,0.384615384615385,0.0
chr5:176517750_G/T,0.37142857142857105,0.0
chr5:176875473_C/T,0.3571428571428571,0.0
chr5:177050463_C/G,0.23404255319148898,0.0
chr5:178983154_C/T,0.448979591836735,0.0
chr5:179123037_C/T,0.319148936170213,0.0
chr5:179326139_C/T,0.261904761904762,0.0
chr6:309156_G/A,0.307692307692308,0.0
chr6:568868_C/T,0.193548387096774,0.0
chr6:3000852_CTT/C,0.19444444444444395,0.0
chr6:3607942_C/T,0.24390243902439002,0.0
chr6:4532561_C/G,0.277777777777778,0.0
chr6:6758928_G/A,0.290909090909091,0.0
chr6:8531467_A/G,0.36,0.0
chr6:8855306_C/T,0.282608695652174,0.0
chr6:9885630_G/A,0.387096774193548,0.0
chr6:10819589_G/A,0.2,0.0
chr6:11087434_C/T,0.22727272727272702,0.0
chr6:12335805_G/A,0.29545454545454497,0.0
chr6:13058489_G/T,0.351351351351351,0.0
chr6:19258833_T/C,0.3529411764705879,0.0
chr6:19899825_C/T,0.17647058823529396,0.0
chr6:22110355_C/T,0.32558139534883695,0.0
chr6:24581811_C/G,0.30952380952381,0.0
chr6:27799630_A/G,0.33333333333333304,0.0
chr6:28010913_G/C,0.178571428571429,0.0
chr6:29153318_C/T,0.24137931034482799,0.0
chr6:29488551_G/A,0.276595744680851,0.0
chr6:29687802_A/T,0.28571428571428603,0.0
chr6:32210966_A/C,0.307692307692308,0.0
chr6:33868930_G/A,0.222222222222222,0.0
chr6:35169146_G/A,0.307692307692308,0.0
chr6:39955629_G/A,0.20512820512820498,0.0
chr6:40198225_A/G,0.14285714285714302,0.0
chr6:42864262_C/T,0.33333333333333304,0.0
chr6:46376549_G/A,0.22,0.0
chr6:47124923_A/T,0.307692307692308,0.0
chr6:49762157_C/T,0.4,0.0
chr6:50371813_A/G,0.21052631578947398,0.0
chr6:50650957_C/T,0.275,0.0
chr6:53060385_T/C,0.29032258064516103,0.0
chr6:53487293_T/C,0.34285714285714297,0.0
chr6:56734786_A/G,0.25,0.0
chr6:58156573_A/G,0.23333333333333303,0.0
chr6:58257540_C/T,0.326530612244898,0.0
chr6:60674941_C/T,0.307692307692308,0.0
chr6:62857351_C/T,0.25,0.0
chr6:64018360_G/T,0.32142857142857106,0.0
chr6:64018964_G/A,0.29032258064516103,0.0
chr6:64506668_G/A,0.222222222222222,0.0
chr6:67174539_G/A,0.269230769230769,0.0
chr6:67648571_C/G,0.23076923076923103,0.0
chr6:67691877_A/G,0.25531914893617,0.0
chr6:68872936_T/C,0.31818181818181795,0.0
chr6:69148113_T/A,0.32258064516129,0.0
chr6:71494148_T/C,0.31034482758620696,0.0
chr6:72188173_C/A,0.35,0.0
chr6:74046034_G/A,0.37142857142857105,0.0
chr6:74456526_C/T,0.62962962962963,0.0
chr6:74534638_T/G,0.35,0.0
chr6:75162140_G/GA,0.44,0.0
chr6:76874104_G/A,0.421052631578947,0.0
chr6:76883084_G/A,0.157894736842105,0.0
chr6:77406714_ATG/A,0.17647058823529396,0.0
chr6:77970499_A/G,0.37037037037037,0.0
chr6:79190825_C/A,0.31034482758620696,0.0
chr6:82806690_G/T,0.24324324324324303,0.0
chr6:82834540_A/G,0.38095238095238104,0.0
chr6:83700861_G/C,0.21052631578947398,0.0
chr6:84290575_G/A,0.275,0.0
chr6:85205917_T/G,0.22580645161290303,0.0
chr6:86126496_G/A,0.24,0.0
chr6:86801830_G/T,0.272727272727273,0.0
chr6:86944636_A/C,0.266666666666667,0.0
chr6:87416551_A/G,0.33333333333333304,0.0
chr6:89148218_A/C,0.23076923076923103,0.0
chr6:89291534_C/T,0.25,0.0
chr6:90097378_T/A,0.3571428571428571,0.0
chr6:90298447_ATG/A,0.325,0.0
chr6:90932651_C/T,0.222222222222222,0.0
chr6:90966237_TA/T,0.3125,0.0
chr6:94843214_T/G,0.17391304347826098,0.0
chr6:95958706_C/T,0.48148148148148107,0.0
chr6:96186346_CA/C,0.272727272727273,0.0
chr6:96952259_G/A,0.297297297297297,0.0
chr6:97079169_A/G,0.27027027027027,0.0
chr6:97448924_A/G,0.294117647058824,0.0
chr6:99252051_C/T,0.38095238095238104,0.0
chr6:99964852_G/A,0.260869565217391,0.0
chr6:102745299_A/G,0.214285714285714,0.0
chr6:104022678_T/C,0.193548387096774,0.0
chr6:104406320_C/T,0.5714285714285711,0.0
chr6:105591511_T/C,0.22857142857142898,0.0
chr6:110347282_C/T,0.36,0.0
chr6:112714191_GTGATACGTGAT/G,0.46666666666666706,0.0
chr6:112970024_C/T,0.307692307692308,0.0
chr6:116115380_T/C,0.25925925925925897,0.0
chr6:121002287_G/T,0.19230769230769199,0.0
chr6:121017217_A/G,0.208333333333333,0.0
chr6:121628398_C/T,0.2,0.0
chr6:121821942_A/G,0.178571428571429,0.0
chr6:122986501_G/A,0.209677419354839,0.0
chr6:123560122_G/A,0.214285714285714,0.0
chr6:124412087_T/A,0.266666666666667,0.0
chr6:126970248_C/T,0.15,0.0
chr6:127538993_T/C,0.25,0.0
chr6:129128982_G/A,0.25,0.0
chr6:130310136_T/C,0.28125,0.0
chr6:130564493_G/A,0.20588235294117604,0.0
chr6:132844635_T/G,0.214285714285714,0.0
chr6:134311713_T/C,0.36363636363636404,0.0
chr6:134942211_C/T,0.216216216216216,0.0
chr6:135944514_C/T,0.222222222222222,0.0
chr6:138046105_C/T,0.512820512820513,0.0
chr6:139287680_G/A,0.28571428571428603,0.0
chr6:140240661_C/A,0.4,0.0
chr6:141082805_C/A,0.5333333333333329,0.0
chr6:141616797_A/T,0.2,0.0
chr6:142368331_A/T,0.3928571428571429,0.0
chr6:142453345_C/T,0.409090909090909,0.0
chr6:143881348_C/T,0.4166666666666671,0.0
chr6:144314555_G/A,0.27027027027027,0.0
chr6:145678796_T/C,0.34210526315789497,0.0
chr6:146011078_G/A,0.28,0.0
chr6:151577217_G/A,0.307692307692308,0.0
chr6:151593567_C/T,0.4,0.0
chr6:156615709_G/A,0.19444444444444395,0.0
chr6:157611814_C/T,0.5,0.0
chr6:158495461_CA/C,0.37931034482758597,0.0
chr6:159225874_G/A,0.404761904761905,0.0
chr6:161100322_C/T,0.34482758620689696,0.0
chr6:161168369_C/T,0.34782608695652195,0.0
chr6:161509741_G/A,0.264705882352941,0.0
chr6:162637108_A/G,0.27906976744186,0.0
chr6:163903497_T/A,0.409090909090909,0.0
chr6:163962487_C/T,0.409090909090909,0.0
chr6:164113921_G/A,0.276595744680851,0.0
chr6:164851715_T/C,0.38888888888888895,0.0
chr6:167767484_C/A,0.304347826086957,0.0
chr6:169282463_G/A,0.46666666666666706,0.0
chr6:170316787_A/AC,0.33333333333333304,0.0
chr6:170591061_A/C,0.5,0.0
chr7:539364_G/C,0.24,0.0
chr7:3143351_G/A,0.311111111111111,0.0
chr7:5021686_A/G,0.41304347826086996,0.0
chr7:5621605_C/A,0.2,0.0
chr7:6084933_G/T,0.33333333333333304,0.0
chr7:8089463_A/G,0.351351351351351,0.0
chr7:9376838_C/T,0.272727272727273,0.0
chr7:10568438_C/T,0.157894736842105,0.0
chr7:11290609_T/C,0.3,0.0
chr7:13382907_G/A,0.444444444444444,0.0
chr7:13651438_T/C,0.37931034482758597,0.0
chr7:13711572_CA/C,0.277777777777778,0.0
chr7:14280378_G/A,0.3,0.0
chr7:20669769_A/G,0.15625,0.0
chr7:22686345_C/T,0.444444444444444,0.0
chr7:24098440_G/A,0.31034482758620696,0.0
chr7:27464011_C/T,0.588235294117647,0.0
chr7:30224654_GA/G,0.14285714285714302,0.0
chr7:30681299_T/A,0.212765957446809,0.0
chr7:30863010_G/A,0.3571428571428571,0.0
chr7:32066478_T/G,0.15,0.0
chr7:32066534_T/G,0.409090909090909,0.0
chr7:32066626_A/T,0.36734693877551006,0.0
chr7:32362061_C/T,0.25531914893617,0.0
chr7:35347276_C/T,0.22727272727272702,0.0
chr7:36153086_G/T,0.19402985074626897,0.0
chr7:36419565_C/T,0.34285714285714297,0.0
chr7:37006035_C/A,0.311111111111111,0.0
chr7:37075475_C/T,0.25714285714285695,0.0
chr7:37328042_T/C,0.29032258064516103,0.0
chr7:37654089_CA/C,0.260869565217391,0.0
chr7:37938166_A/G,0.166666666666667,0.0
chr7:38157567_C/T,0.22727272727272702,0.0
chr7:39383602_A/G,0.25,0.0
chr7:41966246_T/G,0.377358490566038,0.0
chr7:45415515_C/T,0.39534883720930203,0.0
chr7:46267816_C/G,0.384615384615385,0.0
chr7:46775761_C/T,0.5,0.0
chr7:46943956_C/T,0.34782608695652195,0.0
chr7:48222887_C/T,0.263157894736842,0.0
chr7:48369161_T/C,0.340909090909091,0.0
chr7:52867747_C/A,0.25,0.0
chr7:54640457_C/T,0.27586206896551696,0.0
chr7:55970454_G/A,0.25,0.0
chr7:56192799_AT/A,0.272727272727273,0.0
chr7:56405966_GA/G,0.38888888888888895,0.0
chr7:57135351_G/A,0.3529411764705879,0.0
chr7:57278805_C/T,0.25714285714285695,0.0
chr7:57383711_G/T,0.3541666666666671,0.0
chr7:62894601_T/C,0.148148148148148,0.0
chr7:63168756_G/A,0.4375,0.0
chr7:63886747_T/G,0.272727272727273,0.0
chr7:63943877_C/T,0.264705882352941,0.0
chr7:63947027_C/T,0.3125,0.0
chr7:64428840_G/A,0.282608695652174,0.0
chr7:65210426_T/A,0.3571428571428571,0.0
chr7:67557316_G/A,0.212121212121212,0.0
chr7:68105359_G/A,0.354838709677419,0.0
chr7:69879373_C/G,0.5,0.0
chr7:70907048_C/T,0.303030303030303,0.0
chr7:71378820_CA/C,0.307692307692308,0.0
chr7:71935591_C/T,0.2,0.0
chr7:74273243_G/A,0.222222222222222,0.0
chr7:75740761_T/C,0.37037037037037,0.0
chr7:79310916_C/T,0.2,0.0
chr7:79420260_C/T,0.29166666666666696,0.0
chr7:80691373_AG/A,0.260869565217391,0.0
chr7:81921135_A/C,0.29032258064516103,0.0
chr7:85335473_C/T,0.166666666666667,0.0
chr7:85486683_C/T,0.33333333333333304,0.0
chr7:86222773_C/T,0.32,0.0
chr7:87008209_T/C,0.263157894736842,0.0
chr7:88921644_G/A,0.21739130434782603,0.0
chr7:89108255_G/A,0.4,0.0
chr7:89243260_T/A,0.25,0.0
chr7:89999473_T/G,0.375,0.0
chr7:90739473_A/G,0.4,0.0
chr7:91404299_A/G,0.34782608695652195,0.0
chr7:93386911_A/G,0.5,0.0
chr7:94097232_C/A,0.28571428571428603,0.0
chr7:94650153_G/A,0.2,0.0
chr7:96171879_A/G,0.42857142857142894,0.0
chr7:98464934_C/T,0.324324324324324,0.0
chr7:99635161_T/A,0.46153846153846206,0.0
chr7:99820425_A/G,0.325,0.0
chr7:101471063_A/T,0.319148936170213,0.0
chr7:103878550_C/T,0.3,0.0
chr7:104068891_C/A,0.3,0.0
chr7:104306289_A/T,0.272727272727273,0.0
chr7:105335407_C/T,0.29032258064516103,0.0
chr7:106073648_C/T,0.294117647058824,0.0
chr7:106451350_G/T,0.41463414634146295,0.0
chr7:108076497_G/C,0.4166666666666671,0.0
chr7:108146371_T/G,0.35897435897435903,0.0
chr7:108278403_A/G,0.28846153846153805,0.0
chr7:108307097_A/C,0.303030303030303,0.0
chr7:109566379_A/G,0.266666666666667,0.0
chr7:110339599_T/C,0.24324324324324303,0.0
chr7:110364593_C/T,0.272727272727273,0.0
chr7:113727032_G/T,0.3125,0.0
chr7:115597409_G/C,0.23076923076923103,0.0
chr7:120359983_T/C,0.22580645161290303,0.0
chr7:121029574_A/T,0.263157894736842,0.0
chr7:121470301_C/T,0.263157894736842,0.0
chr7:122094393_T/A,0.3,0.0
chr7:123797585_A/T,0.24,0.0
chr7:124153143_A/G,0.411764705882353,0.0
chr7:126414760_G/A,0.288888888888889,0.0
chr7:126887300_G/T,0.292682926829268,0.0
chr7:128365804_A/G,0.2,0.0
chr7:130518543_A/G,0.3571428571428571,0.0
chr7:130777221_A/G,0.28571428571428603,0.0
chr7:131802010_C/T,0.41025641025640996,0.0
chr7:132741445_T/C,0.42857142857142894,0.0
chr7:132985998_G/A,0.193548387096774,0.0
chr7:134538688_C/T,0.3958333333333329,0.0
chr7:138320797_G/A,0.245614035087719,0.0
chr7:138761486_T/C,0.178571428571429,0.0
chr7:139732472_T/A,0.21739130434782603,0.0
chr7:141965659_G/A,0.48387096774193505,0.0
chr7:145973275_C/T,0.21951219512195103,0.0
chr7:146024528_C/T,0.34375,0.0
chr7:146705938_G/A,0.32,0.0
chr7:147540539_C/A,0.39473684210526294,0.0
chr7:148547338_C/A,0.30952380952381,0.0
chr7:149810730_G/A,0.283018867924528,0.0
chr7:152132435_TAGA/T,0.390243902439024,0.0
chr7:155974100_G/A,0.422222222222222,0.0
chr7:157384168_G/T,0.3,0.0
chr7:157621959_C/T,0.21818181818181798,0.0
chr7:158842933_C/A,0.260869565217391,0.0
chr8:592967_C/T,0.282051282051282,0.0
chr8:1357198_G/A,0.5,0.0
chr8:1497649_A/G,0.20454545454545497,0.0
chr8:2648951_A/G,0.3571428571428571,0.0
chr8:2693881_G/T,0.34615384615384603,0.0
chr8:3049867_C/T,0.305555555555556,0.0
chr8:3158426_G/A,0.465116279069767,0.0
chr8:5029353_T/C,0.34285714285714297,0.0
chr8:5044962_C/T,0.304347826086957,0.0
chr8:5506504_G/A,0.42307692307692296,0.0
chr8:5730487_G/A,0.27027027027027,0.0
chr8:6263900_G/A,0.179487179487179,0.0
chr8:8323774_C/T,0.25925925925925897,0.0
chr8:8537597_C/T,0.419354838709677,0.0
chr8:8572219_A/T,0.25641025641025605,0.0
chr8:8993407_G/T,0.25925925925925897,0.0
chr8:9964635_C/T,0.33333333333333304,0.0
chr8:11548777_G/A,0.189189189189189,0.0
chr8:14327208_G/A,0.31818181818181795,0.0
chr8:14567876_G/A,0.24390243902439002,0.0
chr8:15246203_G/C,0.289473684210526,0.0
chr8:15544700_G/A,0.292682926829268,0.0
chr8:23019371_A/T,0.226415094339623,0.0
chr8:24488016_C/T,0.258064516129032,0.0
chr8:24504259_C/T,0.260869565217391,0.0
chr8:25615103_TCA/T,0.33333333333333304,0.0
chr8:26284793_G/T,0.21951219512195103,0.0
chr8:26841795_G/A,0.33333333333333304,0.0
chr8:30881306_G/A,0.25,0.0
chr8:33350257_T/C,0.212121212121212,0.0
chr8:33717345_G/A,0.185185185185185,0.0
chr8:33775591_C/T,0.384615384615385,0.0
chr8:34443894_C/T,0.2,0.0
chr8:41702070_C/A,0.172413793103448,0.0
chr8:43625948_G/A,0.16,0.0
chr8:46110610_C/T,0.224489795918367,0.0
chr8:46458438_G/A,0.3928571428571429,0.0
chr8:46970698_C/T,0.378378378378378,0.0
chr8:47019020_C/T,0.29787234042553196,0.0
chr8:47233862_C/T,0.424242424242424,0.0
chr8:49244890_T/TA,0.4,0.0
chr8:49734134_G/T,0.28571428571428603,0.0
chr8:49865462_G/A,0.472222222222222,0.0
chr8:50008852_C/T,0.3571428571428571,0.0
chr8:50091526_G/C,0.297297297297297,0.0
chr8:51724999_T/A,0.264705882352941,0.0
chr8:51768077_C/T,0.35897435897435903,0.0
chr8:51790900_C/T,0.3571428571428571,0.0
chr8:52016842_G/T,0.23333333333333303,0.0
chr8:52414770_C/A,0.375,0.0
chr8:52747647_C/T,0.24324324324324303,0.0
chr8:53510299_T/C,0.307692307692308,0.0
chr8:55513144_T/C,0.39473684210526294,0.0
chr8:55816540_A/C,0.282051282051282,0.0
chr8:56358282_A/G,0.4583333333333329,0.0
chr8:57932701_C/T,0.260869565217391,0.0
chr8:58786569_C/T,0.3928571428571429,0.0
chr8:60307294_G/A,0.407407407407407,0.0
chr8:60901785_C/A,0.2,0.0
chr8:62861463_G/A,0.29545454545454497,0.0
chr8:64179257_G/T,0.28571428571428603,0.0
chr8:65215800_G/A,0.29032258064516103,0.0
chr8:65985857_C/T,0.276595744680851,0.0
chr8:66222162_C/T,0.192982456140351,0.0
chr8:67021753_T/G,0.652173913043478,0.0
chr8:68502043_G/A,0.32558139534883695,0.0
chr8:68618835_A/G,0.29166666666666696,0.0
chr8:70132034_T/C,0.292682926829268,0.0
chr8:70594974_A/C,0.37037037037037,0.0
chr8:71395554_T/G,0.25,0.0
chr8:71936993_AT/A,0.23529411764705901,0.0
chr8:74107196_T/C,0.378378378378378,0.0
chr8:74697220_CA/C,0.25,0.0
chr8:76261433_C/T,0.38,0.0
chr8:77090039_G/A,0.4,0.0
chr8:77961317_C/T,0.368421052631579,0.0
chr8:80252710_C/T,0.375,0.0
chr8:83345848_C/T,0.29166666666666696,0.0
chr8:83594358_C/G,0.25925925925925897,0.0
chr8:83714196_G/T,0.25925925925925897,0.0
chr8:85309518_A/AC,0.19230769230769199,0.0
chr8:85507410_C/G,0.28571428571428603,0.0
chr8:87406634_C/T,0.18181818181818202,0.0
chr8:87728880_G/T,0.24,0.0
chr8:88198535_C/T,0.413793103448276,0.0
chr8:88746797_G/A,0.516129032258065,0.0
chr8:88826900_G/C,0.42307692307692296,0.0
chr8:90169506_T/C,0.277777777777778,0.0
chr8:92823399_C/T,0.260869565217391,0.0
chr8:98402913_G/A,0.38,0.0
chr8:102434594_A/C,0.178571428571429,0.0
chr8:103330999_A/T,0.40540540540540504,0.0
chr8:103455789_A/T,0.32,0.0
chr8:103669218_G/A,0.147058823529412,0.0
chr8:104729416_T/C,0.2,0.0
chr8:106502433_A/G,0.411764705882353,0.0
chr8:107757667_G/C,0.18181818181818202,0.0
chr8:107936149_A/G,0.303030303030303,0.0
chr8:108880614_C/A,0.161290322580645,0.0
chr8:112089074_G/A,0.28,0.0
chr8:112569743_G/A,0.282051282051282,0.0
chr8:113391618_G/A,0.33333333333333304,0.0
chr8:113420805_A/T,0.34482758620689696,0.0
chr8:113630795_C/A,0.33333333333333304,0.0
chr8:114130578_G/T,0.375,0.0
chr8:114346456_A/G,0.36363636363636404,0.0
chr8:114553862_T/C,0.4375,0.0
chr8:115630673_C/T,0.25,0.0
chr8:118098123_C/T,0.307692307692308,0.0
chr8:118508945_T/C,0.31034482758620696,0.0
chr8:118526090_A/AT,0.25,0.0
chr8:123390410_T/A,0.34210526315789497,0.0
chr8:124217514_C/A,0.33333333333333304,0.0
chr8:126204879_A/G,0.411764705882353,0.0
chr8:126294257_G/A,0.33333333333333304,0.0
chr8:128181049_T/C,0.307692307692308,0.0
chr8:129264976_C/A,0.32258064516129,0.0
chr8:130358506_C/A,0.169811320754717,0.0
chr8:130757840_C/T,0.375,0.0
chr8:131029072_G/A,0.32558139534883695,0.0
chr8:131852331_C/T,0.21739130434782603,0.0
chr8:134936644_C/T,0.25641025641025605,0.0
chr8:134947603_G/T,0.307692307692308,0.0
chr8:136634871_G/A,0.304347826086957,0.0
chr8:136698030_TG/T,0.222222222222222,0.0
chr8:137348535_G/A,0.25714285714285695,0.0
chr8:138828318_G/T,0.222222222222222,0.0
chr8:143159889_T/C,0.25,0.0
chr8:143516894_C/T,0.209677419354839,0.0
chr9:925658_C/T,0.4333333333333329,0.0
chr9:2979356_G/A,0.29166666666666696,0.0
chr9:3095954_G/A,0.3541666666666671,0.0
chr9:5318651_C/T,0.18181818181818202,0.0
chr9:9996962_G/A,0.32,0.0
chr9:11450690_G/A,0.282051282051282,0.0
chr9:11555631_T/G,0.23333333333333303,0.0
chr9:11780982_C/T,0.37037037037037,0.0
chr9:13304463_A/AT,0.23809523809523803,0.0
chr9:15089600_G/A,0.421052631578947,0.0
chr9:15160112_G/T,0.31818181818181795,0.0
chr9:20716769_G/T,0.172413793103448,0.0
chr9:21711494_G/A,0.42307692307692296,0.0
chr9:22434752_G/A,0.408163265306122,0.0
chr9:26116627_C/T,0.23076923076923103,0.0
chr9:27282634_C/G,0.39534883720930203,0.0
chr9:28582349_G/A,0.214285714285714,0.0
chr9:29168302_A/G,0.625,0.0
chr9:29970976_A/T,0.3529411764705879,0.0
chr9:31142903_A/C,0.28125,0.0
chr9:32149279_C/T,0.29545454545454497,0.0
chr9:32831598_C/A,0.244897959183673,0.0
chr9:33198669_C/T,0.17777777777777803,0.0
chr9:34811494_C/A,0.25,0.0
chr9:41287363_A/G,0.294117647058824,0.0
chr9:41342025_A/G,0.384615384615385,0.0
chr9:41990203_T/G,0.36363636363636404,0.0
chr9:42779577_C/T,0.15625,0.0
chr9:70604586_G/A,0.3,0.0
chr9:72626231_T/A,0.314285714285714,0.0
chr9:73270722_A/C,0.384615384615385,0.0
chr9:73505379_C/T,0.31818181818181795,0.0
chr9:79378968_T/C,0.208333333333333,0.0
chr9:80300667_C/T,0.42857142857142894,0.0
chr9:80729572_T/C,0.5,0.0
chr9:81837580_G/A,0.48,0.0
chr9:84279513_C/T,0.38235294117647106,0.0
chr9:84659704_G/A,0.189189189189189,0.0
chr9:84724873_G/T,0.294117647058824,0.0
chr9:86087545_T/C,0.33333333333333304,0.0
chr9:86517312_G/A,0.23529411764705901,0.0
chr9:87085287_C/T,0.219178082191781,0.0
chr9:88296369_G/A,0.303030303030303,0.0
chr9:88599871_C/T,0.25,0.0
chr9:89558529_T/C,0.3,0.0
chr9:93632071_C/G,0.326530612244898,0.0
chr9:94715365_G/A,0.31707317073170693,0.0
chr9:95776220_C/T,0.305555555555556,0.0
chr9:96716990_C/T,0.25,0.0
chr9:99488579_G/T,0.351351351351351,0.0
chr9:99865933_G/T,0.272727272727273,0.0
chr9:107275529_T/C,0.555555555555556,0.0
chr9:107500840_T/C,0.277777777777778,0.0
chr9:108638168_T/C,0.162162162162162,0.0
chr9:110038337_C/A,0.17142857142857096,0.0
chr9:110131391_T/C,0.25,0.0
chr9:111106689_C/T,0.3571428571428571,0.0
chr9:111252390_TA/T,0.33333333333333304,0.0
chr9:111651032_C/T,0.272727272727273,0.0
chr9:115705991_G/C,0.34285714285714297,0.0
chr9:115715410_C/T,0.304347826086957,0.0
chr9:119758755_C/T,0.3125,0.0
chr9:119944884_G/A,0.368421052631579,0.0
chr9:120673763_C/T,0.32258064516129,0.0
chr9:127821305_C/T,0.404761904761905,0.0
chr9:128931644_C/T,0.1875,0.0
chr9:129540303_G/A,0.25,0.0
chr9:129847548_G/A,0.263157894736842,0.0
chr9:130244083_G/A,0.272727272727273,0.0
chr9:130820765_T/C,0.2,0.0
chr9:131238880_A/G,0.26530612244898005,0.0
chr9:133234701_T/C,0.29508196721311497,0.0
chr9:133316699_T/A,0.48387096774193505,0.0
chr9:133929075_A/G,0.382978723404255,0.0
chr9:135664282_T/C,0.266666666666667,0.0
chr9:136515592_G/C,0.328125,0.0
chr9:137534465_A/G,0.19148936170212802,0.0
chr10:124346_G/A,0.47368421052631604,0.0
chr10:2288534_G/A,0.21739130434782603,0.0
chr10:6800455_C/T,0.41463414634146295,0.0
chr10:7073080_G/A,0.36111111111111105,0.0
chr10:8066685_A/G,0.28571428571428603,0.0
chr10:8361267_C/A,0.37931034482758597,0.0
chr10:8455993_C/T,0.5,0.0
chr10:9138267_T/C,0.523809523809524,0.0
chr10:11674019_T/C,0.41509433962264203,0.0
chr10:13071920_C/A,0.37037037037037,0.0
chr10:13846109_G/A,0.294117647058824,0.0
chr10:14682971_G/A,0.25,0.0
chr10:15669917_G/A,0.229166666666667,0.0
chr10:19811684_C/A,0.206896551724138,0.0
chr10:20175005_A/C,0.20512820512820498,0.0
chr10:21415375_C/T,0.17647058823529396,0.0
chr10:27526518_T/G,0.21739130434782603,0.0
chr10:27816025_G/A,0.28,0.0
chr10:30380503_T/C,0.375,0.0
chr10:31152884_A/C,0.425531914893617,0.0
chr10:31835036_T/A,0.1875,0.0
chr10:33934903_G/A,0.24137931034482799,0.0
chr10:37036742_G/A,0.153846153846154,0.0
chr10:37156400_A/G,0.21052631578947398,0.0
chr10:37566613_G/A,0.5,0.0
chr10:37994096_C/T,0.390243902439024,0.0
chr10:38632005_T/C,0.166666666666667,0.0
chr10:38812549_G/A,0.13953488372093,0.0
chr10:39138589_G/T,0.24,0.0
chr10:39297560_G/A,0.459459459459459,0.0
chr10:43538475_C/T,0.206896551724138,0.0
chr10:43631448_A/C,0.32258064516129,0.0
chr10:47768154_A/AC,0.18181818181818202,0.0
chr10:48626947_G/A,0.3571428571428571,0.0
chr10:50362200_T/C,0.25,0.0
chr10:50471523_C/T,0.31034482758620696,0.0
chr10:51751528_G/A,0.33333333333333304,0.0
chr10:54562189_C/G,0.19148936170212802,0.0
chr10:54974917_T/A,0.578947368421053,0.0
chr10:56140498_G/A,0.4583333333333329,0.0
chr10:59089001_G/A,0.27083333333333304,0.0
chr10:61325450_A/G,0.222222222222222,0.0
chr10:62959944_G/A,0.272727272727273,0.0
chr10:63096292_A/C,0.377777777777778,0.0
chr10:63565097_A/G,0.15,0.0
chr10:65543209_C/T,0.307692307692308,0.0
chr10:66786924_C/T,0.36,0.0
chr10:69029976_C/T,0.214285714285714,0.0
chr10:69173185_A/G,0.28,0.0
chr10:70014653_C/A,0.172413793103448,0.0
chr10:70376766_C/T,0.24,0.0
chr10:71032992_A/T,0.222222222222222,0.0
chr10:71037593_G/A,0.315789473684211,0.0
chr10:76401635_T/A,0.24390243902439002,0.0
chr10:77304575_C/T,0.32142857142857106,0.0
chr10:77446525_G/T,0.25,0.0
chr10:77713609_G/A,0.411764705882353,0.0
chr10:78314300_G/T,0.27586206896551696,0.0
chr10:79017256_G/A,0.25641025641025605,0.0
chr10:79538511_G/A,0.195652173913043,0.0
chr10:83545688_T/G,0.272727272727273,0.0
chr10:83580871_C/T,0.260869565217391,0.0
chr10:83713221_G/A,0.28571428571428603,0.0
chr10:83731242_G/C,0.3125,0.0
chr10:87587988_C/G,0.37931034482758597,0.0
chr10:87737148_A/G,0.5,0.0
chr10:89529844_G/A,0.289473684210526,0.0
chr10:96303260_C/T,0.21739130434782603,0.0
chr10:97778551_C/A,0.31818181818181795,0.0
chr10:97973548_C/T,0.33333333333333304,0.0
chr10:98153372_C/T,0.40625,0.0
chr10:99127980_C/T,0.24,0.0
chr10:100699388_G/A,0.34482758620689696,0.0
chr10:102058621_G/A,0.37037037037037,0.0
chr10:105133721_G/A,0.166666666666667,0.0
chr10:106697236_G/A,0.32258064516129,0.0
chr10:106701454_C/T,0.258064516129032,0.0
chr10:109713211_C/T,0.37931034482758597,0.0
chr10:110312469_C/T,0.225,0.0
chr10:112047264_A/C,0.42857142857142894,0.0
chr10:115297363_C/T,0.272727272727273,0.0
chr10:117804003_C/T,0.264705882352941,0.0
chr10:118611407_C/T,0.307692307692308,0.0
chr10:119386737_C/T,0.431372549019608,0.0
chr10:120448677_C/T,0.38095238095238104,0.0
chr10:120892056_A/G,0.5,0.0
chr10:121232650_G/A,0.304347826086957,0.0
chr10:122120712_C/T,0.25,0.0
chr10:122624183_C/A,0.5517241379310339,0.0
chr10:123084674_T/TGA,0.45454545454545503,0.0
chr10:124794536_T/C,0.3541666666666671,0.0
chr10:126555082_G/A,0.387096774193548,0.0
chr10:126591484_TA/T,0.42857142857142894,0.0
chr10:126845929_A/G,0.26829268292682895,0.0
chr10:127722476_T/A,0.46153846153846206,0.0
chr10:128575791_G/A,0.5,0.0
chr10:130767560_G/A,0.294117647058824,0.0
chr10:132090505_T/G,0.340909090909091,0.0
chr10:132190517_G/T,0.40384615384615397,0.0
chr10:132202467_C/T,0.327272727272727,0.0
chr11:4475400_T/A,0.25,0.0
chr11:5110890_G/A,0.36363636363636404,0.0
chr11:5179415_C/T,0.375,0.0
chr11:10376810_C/A,0.26829268292682895,0.0
chr11:11825432_T/A,0.307692307692308,0.0
chr11:14037158_T/A,0.409090909090909,0.0
chr11:16694172_A/G,0.28,0.0
chr11:17703099_A/AG,0.2,0.0
chr11:17766788_C/T,0.27083333333333304,0.0
chr11:18494314_TG/T,0.28571428571428603,0.0
chr11:18572893_G/T,0.21739130434782603,0.0
chr11:20050433_A/G,0.21875,0.0
chr11:22707247_T/C,0.375,0.0
chr11:23195319_G/T,0.22727272727272702,0.0
chr11:23721339_AG/A,0.24,0.0
chr11:28765112_G/A,0.263157894736842,0.0
chr11:29950597_C/T,0.23076923076923103,0.0
chr11:30892299_A/T,0.3571428571428571,0.0
chr11:33621831_T/G,0.4,0.0
chr11:36939279_G/A,0.311111111111111,0.0
chr11:38607123_A/G,0.3958333333333329,0.0
chr11:38817517_T/A,0.304347826086957,0.0
chr11:40796258_C/T,0.24,0.0
chr11:42377964_G/A,0.277777777777778,0.0
chr11:50144062_C/A,0.172413793103448,0.0
chr11:50628783_G/C,0.354838709677419,0.0
chr11:55071811_C/A,0.354838709677419,0.0
chr11:55872718_C/T,0.22580645161290303,0.0
chr11:59595058_G/C,0.515151515151515,0.0
chr11:63469399_C/T,0.263157894736842,0.0
chr11:64108041_A/T,0.34782608695652195,0.0
chr11:64826249_GAACA/G,0.162162162162162,0.0
chr11:65963582_A/G,0.232558139534884,0.0
chr11:66738659_G/A,0.15151515151515196,0.0
chr11:66996437_T/TG,0.161290322580645,0.0
chr11:67029515_G/A,0.38888888888888895,0.0
chr11:67614139_A/G,0.37037037037037,0.0
chr11:69093469_G/A,0.34210526315789497,0.0
chr11:70097534_G/A,0.32,0.0
chr11:70595265_G/A,0.34146341463414603,0.0
chr11:71613686_C/T,0.212765957446809,0.0
chr11:80677190_C/T,0.303030303030303,0.0
chr11:82037591_A/T,0.375,0.0
chr11:82690871_C/A,0.3,0.0
chr11:84923631_C/T,0.315789473684211,0.0
chr11:87329902_T/C,0.28,0.0
chr11:89695473_T/C,0.272727272727273,0.0
chr11:90941773_G/A,0.5,0.0
chr11:93324069_T/C,0.28571428571428603,0.0
chr11:93817327_A/G,0.214285714285714,0.0
chr11:93974304_G/A,0.36111111111111105,0.0
chr11:96023505_C/T,0.35,0.0
chr11:96053734_T/C,0.178571428571429,0.0
chr11:96158584_T/G,0.263157894736842,0.0
chr11:96802388_A/G,0.31818181818181795,0.0
chr11:97188413_C/T,0.275,0.0
chr11:97763560_C/T,0.21739130434782603,0.0
chr11:98053784_T/C,0.34285714285714297,0.0
chr11:98185338_C/T,0.444444444444444,0.0
chr11:98538482_C/T,0.272727272727273,0.0
chr11:99444000_C/A,0.148148148148148,0.0
chr11:99878849_G/A,0.17391304347826098,0.0
chr11:99890145_A/C,0.222222222222222,0.0
chr11:99970770_C/T,0.28571428571428603,0.0
chr11:100184600_G/A,0.27586206896551696,0.0
chr11:101656489_A/G,0.3529411764705879,0.0
chr11:102055483_G/A,0.36363636363636404,0.0
chr11:103732033_C/T,0.36,0.0
chr11:105380966_C/T,0.23076923076923103,0.0
chr11:105963218_G/T,0.258064516129032,0.0
chr11:106295420_G/A,0.21875,0.0
chr11:106485439_AT/A,0.33333333333333304,0.0
chr11:108049083_A/G,0.35,0.0
chr11:109579669_G/A,0.314285714285714,0.0
chr11:113049032_T/C,0.255813953488372,0.0
chr11:114989674_G/A,0.33333333333333304,0.0
chr11:115948939_TA/T,0.2,0.0
chr11:117777721_C/A,0.432432432432432,0.0
chr11:118580316_C/T,0.258064516129032,0.0
chr11:119585989_C/A,0.538461538461538,0.0
chr11:120346962_T/C,0.25714285714285695,0.0
chr11:120869265_A/G,0.20754716981132101,0.0
chr11:121772232_G/A,0.33333333333333304,0.0
chr11:122421721_A/G,0.5517241379310339,0.0
chr11:122719198_C/T,0.21052631578947398,0.0
chr11:123862576_A/C,0.3,0.0
chr11:125350602_C/A,0.44,0.0
chr11:127040067_C/T,0.212121212121212,0.0
chr11:127235441_C/T,0.33333333333333304,0.0
chr11:128004948_C/G,0.419354838709677,0.0
chr11:129192956_T/C,0.4,0.0
chr11:129199173_CAG/C,0.409090909090909,0.0
chr11:130213728_C/T,0.306122448979592,0.0
chr11:131670630_C/T,0.260869565217391,0.0
chr11:132113829_A/G,0.517241379310345,0.0
chr11:132597609_C/T,0.340909090909091,0.0
chr11:132647714_G/A,0.3,0.0
chr11:132746905_C/T,0.36363636363636404,0.0
chr11:132749979_T/A,0.32,0.0
chr11:134405524_G/A,0.222222222222222,0.0
chr12:1594512_C/T,0.22,0.0
chr12:2567479_A/G,0.30909090909090897,0.0
chr12:6563575_ACCTT/A,0.166666666666667,0.0
chr12:12802893_C/A,0.23076923076923103,0.0
chr12:13454954_C/T,0.29787234042553196,0.0
chr12:13683367_T/C,0.25,0.0
chr12:15218809_G/A,0.18421052631578896,0.0
chr12:16068095_C/T,0.196428571428571,0.0
chr12:16256630_C/T,0.34782608695652195,0.0
chr12:17619435_C/T,0.30188679245283,0.0
chr12:19136327_AT/A,0.4166666666666671,0.0
chr12:24225283_G/T,0.35897435897435903,0.0
chr12:25755618_C/T,0.35,0.0
chr12:26297156_G/A,0.29032258064516103,0.0
chr12:27135829_C/T,0.525,0.0
chr12:27812662_C/T,0.22857142857142898,0.0
chr12:29425128_G/A,0.37931034482758597,0.0
chr12:30313081_A/C,0.42307692307692296,0.0
chr12:30570841_G/T,0.260869565217391,0.0
chr12:33229213_C/A,0.307692307692308,0.0
chr12:33384444_T/C,0.20588235294117604,0.0
chr12:38727630_C/T,0.3,0.0
chr12:39781712_CACAA/C,0.294117647058824,0.0
chr12:42600337_G/A,0.368421052631579,0.0
chr12:42667305_C/T,0.484848484848485,0.0
chr12:42908718_C/T,0.425531914893617,0.0
chr12:45268072_A/G,0.444444444444444,0.0
chr12:46702830_G/A,0.29166666666666696,0.0
chr12:51551627_A/G,0.47368421052631604,0.0
chr12:51821955_C/T,0.19178082191780801,0.0
chr12:56678445_G/C,0.25,0.0
chr12:56890353_A/G,0.31818181818181795,0.0
chr12:59204668_C/T,0.27586206896551696,0.0
chr12:60466916_TA/T,0.2,0.0
chr12:60737386_C/T,0.277777777777778,0.0
chr12:61372379_C/A,0.472222222222222,0.0
chr12:61381930_C/T,0.33333333333333304,0.0
chr12:63284044_A/G,0.38095238095238104,0.0
chr12:65565474_C/A,0.33333333333333304,0.0
chr12:67100088_G/A,0.160714285714286,0.0
chr12:69324987_G/C,0.33333333333333304,0.0
chr12:70732552_C/T,0.33333333333333304,0.0
chr12:74389693_G/A,0.307692307692308,0.0
chr12:78482171_A/C,0.23809523809523803,0.0
chr12:79966760_G/A,0.33333333333333304,0.0
chr12:84363823_C/T,0.222222222222222,0.0
chr12:86886822_G/T,0.166666666666667,0.0
chr12:89280955_A/G,0.424242424242424,0.0
chr12:89524669_C/G,0.4166666666666671,0.0
chr12:90021157_AT/A,0.296296296296296,0.0
chr12:90448712_A/G,0.33333333333333304,0.0
chr12:92648458_G/A,0.18181818181818202,0.0
chr12:94414149_C/T,0.38095238095238104,0.0
chr12:96093416_G/A,0.24242424242424201,0.0
chr12:97310069_C/T,0.212121212121212,0.0
chr12:97446975_C/G,0.28,0.0
chr12:97586289_G/A,0.14285714285714302,0.0
chr12:102079724_T/G,0.18181818181818202,0.0
chr12:102843036_A/G,0.45454545454545503,0.0
chr12:103304007_C/T,0.23529411764705901,0.0
chr12:103304981_G/A,0.22857142857142898,0.0
chr12:110087736_C/T,0.48387096774193505,0.0
chr12:110419959_T/A,0.25,0.0
chr12:110592335_G/A,0.22580645161290303,0.0
chr12:111969604_G/A,0.33333333333333304,0.0
chr12:113421469_T/G,0.33333333333333304,0.0
chr12:114511181_C/T,0.24390243902439002,0.0
chr12:114630796_T/G,0.20588235294117604,0.0
chr12:118546910_A/T,0.307692307692308,0.0
chr12:118582246_G/A,0.294117647058824,0.0
chr12:121447952_C/T,0.166666666666667,0.0
chr12:122227212_T/G,0.278688524590164,0.0
chr12:123368091_C/T,0.3,0.0
chr12:123853652_A/G,0.33333333333333304,0.0
chr12:126964915_G/T,0.25,0.0
chr12:127034640_G/A,0.21052631578947398,0.0
chr12:128234379_C/T,0.175,0.0
chr12:129949730_G/A,0.39130434782608703,0.0
chr12:130368292_G/A,0.2,0.0
chr12:131485627_T/A,0.292682926829268,0.0
chr12:131556266_C/T,0.33333333333333304,0.0
chr12:131815231_G/T,0.375,0.0
chr12:132545341_C/G,0.27906976744186,0.0
chr13:18626053_G/A,0.20588235294117604,0.0
chr13:18964465_C/T,0.43636363636363595,0.0
chr13:19141418_G/A,0.411764705882353,0.0
chr13:19288591_C/T,0.375,0.0
chr13:19701893_T/C,0.315789473684211,0.0
chr13:23264590_C/T,0.25,0.0
chr13:26138966_C/T,0.33333333333333304,0.0
chr13:27877567_G/A,0.375,0.0
chr13:28338915_C/G,0.263157894736842,0.0
chr13:29253164_G/A,0.28,0.0
chr13:29359716_C/T,0.24242424242424201,0.0
chr13:29952769_T/C,0.206896551724138,0.0
chr13:30188264_T/G,0.25,0.0
chr13:30949654_TCCAAAA/T,0.2,0.0
chr13:34535402_G/A,0.43478260869565205,0.0
chr13:36526137_C/T,0.448275862068966,0.0
chr13:38472518_C/T,0.2,0.0
chr13:40917437_G/A,0.33333333333333304,0.0
chr13:45142193_G/C,0.21951219512195103,0.0
chr13:46437655_G/A,0.22857142857142898,0.0
chr13:46878956_A/G,0.193548387096774,0.0
chr13:51041236_G/A,0.339622641509434,0.0
chr13:53230260_G/A,0.20588235294117604,0.0
chr13:54904856_C/T,0.3125,0.0
chr13:54907403_G/T,0.34285714285714297,0.0
chr13:54974236_C/T,0.4,0.0
chr13:55410133_G/T,0.39534883720930203,0.0
chr13:55507815_CT/C,0.21052631578947398,0.0
chr13:56381642_G/A,0.172413793103448,0.0
chr13:57180497_C/A,0.32258064516129,0.0
chr13:57604598_C/G,0.42857142857142894,0.0
chr13:57696710_T/A,0.3529411764705879,0.0
chr13:58069728_C/T,0.156862745098039,0.0
chr13:58914827_G/A,0.411764705882353,0.0
chr13:59472774_C/A,0.18181818181818202,0.0
chr13:60126411_G/C,0.24,0.0
chr13:61738943_G/T,0.4375,0.0
chr13:62240825_C/T,0.16,0.0
chr13:62473618_G/A,0.3571428571428571,0.0
chr13:63012676_T/C,0.36363636363636404,0.0
chr13:63472629_T/A,0.33333333333333304,0.0
chr13:63587461_C/T,0.45454545454545503,0.0
chr13:63742146_G/A,0.294117647058824,0.0
chr13:64591198_G/A,0.25,0.0
chr13:65109497_G/A,0.24242424242424201,0.0
chr13:65520675_A/T,0.38095238095238104,0.0
chr13:65811062_G/A,0.31707317073170693,0.0
chr13:66897008_C/T,0.21052631578947398,0.0
chr13:67284491_C/T,0.45161290322580605,0.0
chr13:74834085_C/T,0.31818181818181795,0.0
chr13:75726927_C/G,0.323529411764706,0.0
chr13:78429461_T/C,0.24137931034482799,0.0
chr13:78927766_C/T,0.302325581395349,0.0
chr13:79123715_C/T,0.21739130434782603,0.0
chr13:79317696_T/G,0.3571428571428571,0.0
chr13:81127737_A/G,0.258064516129032,0.0
chr13:81867740_C/A,0.311111111111111,0.0
chr13:82904746_G/T,0.452380952380952,0.0
chr13:83535555_G/A,0.27083333333333304,0.0
chr13:84219486_C/T,0.35,0.0
chr13:84498745_T/G,0.4782608695652171,0.0
chr13:85045444_C/T,0.3529411764705879,0.0
chr13:88146852_G/A,0.421052631578947,0.0
chr13:88189852_C/T,0.4375,0.0
chr13:90628458_C/G,0.31707317073170693,0.0
chr13:94357754_G/A,0.34545454545454496,0.0
chr13:96312507_G/C,0.5,0.0
chr13:96707765_A/G,0.33333333333333304,0.0
chr13:97851402_C/A,0.13953488372093,0.0
chr13:99373265_A/G,0.375,0.0
chr13:102105270_T/C,0.28571428571428603,0.0
chr13:103920959_C/T,0.2,0.0
chr13:105662509_G/A,0.588235294117647,0.0
chr13:107997632_G/C,0.32258064516129,0.0
chr13:108961220_T/G,0.14285714285714302,0.0
chr13:113813803_C/T,0.4166666666666671,0.0
chr14:19917383_G/T,0.24242424242424201,0.0
chr14:21866950_C/T,0.40625,0.0
chr14:23679161_G/A,0.39130434782608703,0.0
chr14:24752623_G/A,0.21052631578947398,0.0
chr14:25970338_G/A,0.375,0.0
chr14:26238884_A/T,0.166666666666667,0.0
chr14:27499901_C/T,0.21052631578947398,0.0
chr14:28748777_T/C,0.266666666666667,0.0
chr14:32944331_G/C,0.28,0.0
chr14:32944376_A/C,0.208333333333333,0.0
chr14:33438588_G/A,0.536585365853659,0.0
chr14:33812305_G/A,0.179487179487179,0.0
chr14:36151489_C/T,0.21739130434782603,0.0
chr14:38440616_C/T,0.409090909090909,0.0
chr14:39152730_G/A,0.42857142857142894,0.0
chr14:39190941_A/G,0.23333333333333303,0.0
chr14:40516802_C/A,0.409090909090909,0.0
chr14:41154512_C/T,0.34782608695652195,0.0
chr14:43108616_C/T,0.424242424242424,0.0
chr14:44387337_G/GAGCTCAAT,0.33333333333333304,0.0
chr14:44969780_G/T,0.189189189189189,0.0
chr14:45305599_T/C,0.47619047619047605,0.0
chr14:47746421_T/A,0.21739130434782603,0.0
chr14:48262200_C/T,0.25,0.0
chr14:49933570_TG/T,0.294117647058824,0.0
chr14:50002381_CAGCATGATACTGAT/C,0.28571428571428603,0.0
chr14:52067358_T/G,0.23076923076923103,0.0
chr14:53124108_G/A,0.44,0.0
chr14:54781946_C/T,0.29787234042553196,0.0
chr14:56092400_G/A,0.19444444444444395,0.0
chr14:56832936_G/T,0.2,0.0
chr14:57584596_G/C,0.292682926829268,0.0
chr14:57684315_G/A,0.37931034482758597,0.0
chr14:57888586_C/T,0.32142857142857106,0.0
chr14:59274018_T/G,0.4,0.0
chr14:60263436_A/G,0.36363636363636404,0.0
chr14:60936754_C/T,0.35,0.0
chr14:63998104_CTCCTGGT/C,0.14285714285714302,0.0
chr14:66232086_T/A,0.36363636363636404,0.0
chr14:66471326_A/C,0.407407407407407,0.0
chr14:66582123_G/A,0.222222222222222,0.0
chr14:71776590_C/A,0.5517241379310339,0.0
chr14:73308558_T/C,0.3529411764705879,0.0
chr14:73590474_G/A,0.296296296296296,0.0
chr14:73631338_C/A,0.1875,0.0
chr14:78150161_C/T,0.263157894736842,0.0
chr14:78584045_A/G,0.375,0.0
chr14:79239469_C/G,0.36,0.0
chr14:79320953_G/T,0.24,0.0
chr14:79934665_G/C,0.25,0.0
chr14:80128106_A/G,0.393939393939394,0.0
chr14:80751351_T/G,0.3125,0.0
chr14:83133593_C/T,0.17391304347826098,0.0
chr14:84884782_C/T,0.263157894736842,0.0
chr14:85068582_T/A,0.28571428571428603,0.0
chr14:85203926_C/T,0.384615384615385,0.0
chr14:85567116_G/T,0.40540540540540504,0.0
chr14:86835105_C/A,0.14285714285714302,0.0
chr14:87838246_G/A,0.222222222222222,0.0
chr14:94923896_G/C,0.375,0.0
chr14:95896245_C/T,0.42857142857142894,0.0
chr14:96480200_G/A,0.283018867924528,0.0
chr14:96716442_G/T,0.37142857142857105,0.0
chr14:97975268_C/G,0.206896551724138,0.0
chr14:98461336_C/T,0.28571428571428603,0.0
chr14:99139253_G/A,0.304347826086957,0.0
chr14:100508117_T/C,0.3,0.0
chr14:102387127_T/A,0.23684210526315802,0.0
chr14:102658923_G/A,0.276595744680851,0.0
chr14:104746903_A/C,0.37142857142857105,0.0
chr15:17052361_C/T,0.27027027027027,0.0
chr15:19859790_G/A,0.185185185185185,0.0
chr15:22733202_C/A,0.147058823529412,0.0
chr15:22733224_T/C,0.17647058823529396,0.0
chr15:22861948_G/C,0.459459459459459,0.0
chr15:23033179_T/C,0.42857142857142894,0.0
chr15:24080057_C/T,0.294117647058824,0.0
chr15:24784348_C/T,0.3125,0.0
chr15:25747828_T/C,0.3,0.0
chr15:26410253_C/T,0.27027027027027,0.0
chr15:26528030_T/C,0.27027027027027,0.0
chr15:27234405_C/T,0.425,0.0
chr15:27433545_A/G,0.48148148148148107,0.0
chr15:27534778_G/A,0.411764705882353,0.0
chr15:27742991_C/T,0.348837209302326,0.0
chr15:30722942_A/G,0.315789473684211,0.0
chr15:32780527_C/T,0.214285714285714,0.0
chr15:35135580_T/C,0.17391304347826098,0.0
chr15:41587888_T/C,0.19444444444444395,0.0
chr15:42582477_G/A,0.275,0.0
chr15:46456468_T/C,0.33333333333333304,0.0
chr15:46942079_A/T,0.25,0.0
chr15:48877984_G/A,0.292682926829268,0.0
chr15:52153372_C/T,0.302325581395349,0.0
chr15:53753748_C/T,0.4375,0.0
chr15:56017113_G/A,0.222222222222222,0.0
chr15:56556606_C/T,0.5714285714285711,0.0
chr15:56891356_C/A,0.14285714285714302,0.0
chr15:57357743_C/T,0.34615384615384603,0.0
chr15:58501727_AT/A,0.28571428571428603,0.0
chr15:58752836_T/G,0.378378378378378,0.0
chr15:60955796_G/A,0.22857142857142898,0.0
chr15:61196327_T/C,0.307692307692308,0.0
chr15:61652074_G/A,0.20512820512820498,0.0
chr15:63684924_G/A,0.23913043478260898,0.0
chr15:66930137_AT/A,0.25,0.0
chr15:68964298_C/T,0.178571428571429,0.0
chr15:69526927_G/A,0.307692307692308,0.0
chr15:69529952_C/A,0.28571428571428603,0.0
chr15:75647721_G/A,0.226415094339623,0.0
chr15:80695977_T/G,0.29230769230769205,0.0
chr15:81660951_G/T,0.3928571428571429,0.0
chr15:82194025_A/G,0.27586206896551696,0.0
chr15:85259002_G/A,0.323943661971831,0.0
chr15:85954769_T/C,0.37142857142857105,0.0
chr15:86963276_T/A,0.28,0.0
chr15:88317095_C/T,0.36,0.0
chr15:88893035_C/G,0.365853658536585,0.0
chr15:89454896_C/A,0.272727272727273,0.0
chr15:89590988_T/C,0.33333333333333304,0.0
chr15:91299340_C/T,0.38888888888888895,0.0
chr15:94024376_T/C,0.42857142857142894,0.0
chr15:95547947_C/T,0.24444444444444396,0.0
chr15:96711627_G/A,0.3,0.0
chr15:96764670_G/A,0.229166666666667,0.0
chr15:97130855_C/A,0.25641025641025605,0.0
chr15:98180302_C/T,0.208333333333333,0.0
chr15:100801966_C/T,0.307692307692308,0.0
chr16:4545205_C/T,0.267857142857143,0.0
chr16:4616022_T/G,0.23214285714285698,0.0
chr16:5952418_T/G,0.225,0.0
chr16:6093426_A/T,0.25925925925925897,0.0
chr16:8518951_A/G,0.193548387096774,0.0
chr16:10604020_G/A,0.23076923076923103,0.0
chr16:15839427_T/G,0.294117647058824,0.0
chr16:18272302_C/A,0.18421052631578896,0.0
chr16:19569711_C/T,0.269230769230769,0.0
chr16:21233782_A/G,0.216216216216216,0.0
chr16:21751725_C/T,0.5714285714285711,0.0
chr16:23696640_T/A,0.409090909090909,0.0
chr16:25213886_T/A,0.33333333333333304,0.0
chr16:26843414_C/T,0.35897435897435903,0.0
chr16:27073811_C/T,0.319148936170213,0.0
chr16:28254348_C/T,0.33333333333333304,0.0
chr16:30391641_G/A,0.23333333333333303,0.0
chr16:31182867_C/A,0.33333333333333304,0.0
chr16:33665595_G/A,0.2,0.0
chr16:33967083_C/T,0.4,0.0
chr16:34728436_G/A,0.29032258064516103,0.0
chr16:34790176_A/G,0.18181818181818202,0.0
chr16:35435870_C/T,0.28571428571428603,0.0
chr16:36198499_C/T,0.28571428571428603,0.0
chr16:46449980_C/T,0.277777777777778,0.0
chr16:46831370_G/A,0.3958333333333329,0.0
chr16:47653411_A/G,0.390243902439024,0.0
chr16:47952780_G/A,0.23913043478260898,0.0
chr16:51977201_T/A,0.193548387096774,0.0
chr16:52335196_T/C,0.33333333333333304,0.0
chr16:52958076_C/T,0.3,0.0
chr16:54571890_G/A,0.23529411764705901,0.0
chr16:54662480_T/C,0.24324324324324303,0.0
chr16:55966451_C/T,0.365853658536585,0.0
chr16:56298840_G/A,0.2,0.0
chr16:56319208_G/A,0.44117647058823495,0.0
chr16:59408269_G/T,0.28125,0.0
chr16:60152612_G/A,0.195652173913043,0.0
chr16:62472163_C/T,0.23404255319148898,0.0
chr16:63168158_C/T,0.17142857142857096,0.0
chr16:64790535_C/A,0.409090909090909,0.0
chr16:71205317_G/A,0.48888888888888893,0.0
chr16:74480392_A/C,0.40540540540540504,0.0
chr16:77006853_G/A,0.195652173913043,0.0
chr16:77015154_G/T,0.303030303030303,0.0
chr16:77567752_C/T,0.232558139534884,0.0
chr16:78306167_C/T,0.368421052631579,0.0
chr16:79324568_C/A,0.19444444444444395,0.0
chr16:79958171_T/G,0.46666666666666706,0.0
chr16:81186340_C/T,0.339622641509434,0.0
chr16:81481190_C/T,0.368421052631579,0.0
chr16:85170088_C/T,0.258620689655172,0.0
chr16:86407951_G/A,0.411764705882353,0.0
chr16:87215592_G/C,0.18421052631578896,0.0
chr16:87515500_T/G,0.24444444444444396,0.0
chr17:2614641_C/T,0.413793103448276,0.0
chr17:3107620_C/T,0.23913043478260898,0.0
chr17:4344262_C/T,0.33333333333333304,0.0
chr17:5443286_C/A,0.29166666666666696,0.0
chr17:5636489_A/T,0.24324324324324303,0.0
chr17:7129485_C/T,0.28846153846153805,0.0
chr17:9817366_A/G,0.166666666666667,0.0
chr17:9902725_C/T,0.25,0.0
chr17:10058584_C/T,0.41860465116279105,0.0
chr17:11511380_C/A,0.18181818181818202,0.0
chr17:12586933_C/T,0.25714285714285695,0.0
chr17:14528330_G/T,0.411764705882353,0.0
chr17:16815163_A/T,0.152542372881356,0.0
chr17:18693347_C/T,0.147058823529412,0.0
chr17:21735341_C/T,0.21739130434782603,0.0
chr17:22167915_C/T,0.314285714285714,0.0
chr17:27424364_C/T,0.17647058823529396,0.0
chr17:30336950_G/A,0.27586206896551696,0.0
chr17:30391830_T/G,0.304347826086957,0.0
chr17:30821191_T/A,0.29545454545454497,0.0
chr17:30821193_A/T,0.311111111111111,0.0
chr17:32253195_T/G,0.264705882352941,0.0
chr17:37070647_A/G,0.3571428571428571,0.0
chr17:38346216_T/G,0.22580645161290303,0.0
chr17:38949051_T/C,0.3,0.0
chr17:43362661_T/A,0.282051282051282,0.0
chr17:44943279_T/C,0.25641025641025605,0.0
chr17:45393430_T/TATC,0.24324324324324303,0.0
chr17:46963760_G/A,0.37931034482758597,0.0
chr17:47498494_G/A,0.19047619047619,0.0
chr17:47908041_C/T,0.31707317073170693,0.0
chr17:48450358_T/C,0.42857142857142894,0.0
chr17:50260743_C/T,0.31707317073170693,0.0
chr17:51298905_T/A,0.33333333333333304,0.0
chr17:51569602_T/C,0.137931034482759,0.0
chr17:51569604_A/G,0.137931034482759,0.0
chr17:53239666_T/G,0.33333333333333304,0.0
chr17:54065951_T/C,0.25,0.0
chr17:54675483_C/A,0.36363636363636404,0.0
chr17:55807977_G/A,0.266666666666667,0.0
chr17:56003875_G/T,0.266666666666667,0.0
chr17:61590830_C/T,0.225,0.0
chr17:70417149_C/T,0.20512820512820498,0.0
chr17:72793448_T/C,0.17777777777777803,0.0
chr17:73890879_C/T,0.216216216216216,0.0
chr17:74039680_C/A,0.14285714285714302,0.0
chr17:74912967_AC/A,0.24,0.0
chr17:74912969_T/A,0.20588235294117604,0.0
chr17:76481495_G/A,0.313725490196078,0.0
chr17:78494677_G/A,0.306122448979592,0.0
chr17:79140994_G/A,0.35555555555555607,0.0
chr17:79396991_G/A,0.307692307692308,0.0
chr17:79681585_G/A,0.305084745762712,0.0
chr17:80683279_T/G,0.36734693877551006,0.0
chr17:82302270_G/C,0.344262295081967,0.0
chr18:80108_A/G,0.36363636363636404,0.0
chr18:958777_C/T,0.282608695652174,0.0
chr18:1012173_G/T,0.4,0.0
chr18:1555698_G/A,0.208333333333333,0.0
chr18:4749164_G/A,0.21875,0.0
chr18:10144172_T/C,0.28125,0.0
chr18:11271404_C/T,0.46666666666666706,0.0
chr18:11549235_C/T,0.48571428571428604,0.0
chr18:11963887_A/G,0.387096774193548,0.0
chr18:12472067_G/C,0.56,0.0
chr18:12760262_T/G,0.277777777777778,0.0
chr18:13204786_A/G,0.260869565217391,0.0
chr18:14064172_C/A,0.14285714285714302,0.0
chr18:14514459_C/A,0.23076923076923103,0.0
chr18:22938233_G/A,0.203703703703704,0.0
chr18:25162862_T/C,0.258064516129032,0.0
chr18:25976968_G/A,0.245283018867925,0.0
chr18:27927625_T/A,0.33333333333333304,0.0
chr18:28919039_G/T,0.27083333333333304,0.0
chr18:30832021_G/A,0.18181818181818202,0.0
chr18:33188362_T/C,0.27906976744186,0.0
chr18:35163647_C/A,0.166666666666667,0.0
chr18:35248151_G/T,0.28571428571428603,0.0
chr18:36007895_G/A,0.3571428571428571,0.0
chr18:36449343_T/C,0.516129032258065,0.0
chr18:37049433_A/G,0.42857142857142894,0.0
chr18:37254901_GC/G,0.275,0.0
chr18:37893333_A/T,0.303030303030303,0.0
chr18:37960680_A/G,0.296296296296296,0.0
chr18:38273927_G/GA,0.4,0.0
chr18:38416413_C/A,0.269230769230769,0.0
chr18:38424253_G/A,0.17647058823529396,0.0
chr18:40134251_T/C,0.46666666666666706,0.0
chr18:40295180_G/C,0.368421052631579,0.0
chr18:41281048_G/A,0.38235294117647106,0.0
chr18:43153664_T/C,0.34615384615384603,0.0
chr18:43600566_G/T,0.33333333333333304,0.0
chr18:43864391_G/T,0.24,0.0
chr18:45231108_C/T,0.36363636363636404,0.0
chr18:46514415_C/G,0.311111111111111,0.0
chr18:46532669_C/T,0.365853658536585,0.0
chr18:47491928_T/C,0.578947368421053,0.0
chr18:51618332_G/A,0.25,0.0
chr18:51641874_C/T,0.222222222222222,0.0
chr18:53199257_AT/A,0.42857142857142894,0.0
chr18:55392803_C/T,0.25,0.0
chr18:55957303_A/G,0.269230769230769,0.0
chr18:56032013_C/A,0.304347826086957,0.0
chr18:57286940_C/G,0.419354838709677,0.0
chr18:60262315_G/A,0.24137931034482799,0.0
chr18:60466756_C/T,0.222222222222222,0.0
chr18:61305071_C/A,0.27586206896551696,0.0
chr18:63898087_G/A,0.28125,0.0
chr18:67660051_G/A,0.260869565217391,0.0
chr18:68002738_G/A,0.34482758620689696,0.0
chr18:68591400_T/C,0.42857142857142894,0.0
chr18:74560648_C/T,0.19047619047619,0.0
chr18:75274113_C/T,0.3571428571428571,0.0
chr18:76051094_G/A,0.28571428571428603,0.0
chr18:76793551_A/G,0.42857142857142894,0.0
chr18:76972209_G/A,0.324324324324324,0.0
chr18:77994290_G/A,0.28571428571428603,0.0
chr18:78893484_C/T,0.292682926829268,0.0
chr18:78944049_G/A,0.2,0.0
chr19:4733089_C/G,0.264705882352941,0.0
chr19:5549922_G/A,0.38,0.0
chr19:5768581_C/T,0.17647058823529396,0.0
chr19:6572641_G/T,0.27450980392156893,0.0
chr19:6696812_T/C,0.15151515151515196,0.0
chr19:8844964_C/A,0.25,0.0
chr19:11742762_C/T,0.2,0.0
chr19:15690651_G/T,0.45,0.0
chr19:15906241_A/G,0.222222222222222,0.0
chr19:17069256_C/T,0.212765957446809,0.0
chr19:17511390_C/G,0.426229508196721,0.0
chr19:19334246_C/T,0.28333333333333305,0.0
chr19:20107247_G/A,0.40540540540540504,0.0
chr19:20806332_T/C,0.35,0.0
chr19:22188883_G/A,0.4583333333333329,0.0
chr19:22604935_C/T,0.254901960784314,0.0
chr19:23028739_C/T,0.222222222222222,0.0
chr19:23045107_A/C,0.29787234042553196,0.0
chr19:24372654_A/G,0.20987654320987698,0.0
chr19:27821705_T/A,0.24444444444444396,0.0
chr19:28412527_A/T,0.161290322580645,0.0
chr19:30069697_T/G,0.29787234042553196,0.0
chr19:30275016_C/T,0.368421052631579,0.0
chr19:30754628_G/A,0.44,0.0
chr19:31254570_C/G,0.3529411764705879,0.0
chr19:31698602_G/T,0.15,0.0
chr19:32489710_T/G,0.35555555555555607,0.0
chr19:35276650_C/T,0.24,0.0
chr19:39708994_G/A,0.31707317073170693,0.0
chr19:42012307_G/C,0.34146341463414603,0.0
chr19:43738809_T/G,0.35555555555555607,0.0
chr19:44997063_C/G,0.24324324324324303,0.0
chr19:45228077_G/C,0.338983050847458,0.0
chr19:45915510_G/A,0.25,0.0
chr19:46058528_G/A,0.327272727272727,0.0
chr19:47569925_C/T,0.260869565217391,0.0
chr19:47627925_A/G,0.211538461538462,0.0
chr19:48036096_C/T,0.33333333333333304,0.0
chr19:48510435_G/A,0.44186046511627897,0.0
chr19:52652193_C/T,0.24324324324324303,0.0
chr19:53254279_T/G,0.16,0.0
chr19:53297145_C/T,0.23529411764705901,0.0
chr19:53631539_C/T,0.214285714285714,0.0
chr19:53941016_C/T,0.4,0.0
chr19:54691812_C/T,0.25,0.0
chr19:55757703_C/A,0.33333333333333304,0.0
chr19:56060676_C/G,0.375,0.0
chr19:56591943_A/G,0.33333333333333304,0.0
chr19:56684921_T/C,0.538461538461538,0.0
chr19:56853830_C/T,0.261904761904762,0.0
chr19:57090356_G/A,0.25,0.0
chr20:4090438_C/G,0.351351351351351,0.0
chr20:4530735_T/C,0.34482758620689696,0.0
chr20:5504288_C/A,0.278688524590164,0.0
chr20:6513839_A/G,0.25925925925925897,0.0
chr20:6513904_G/C,0.34482758620689696,0.0
chr20:7686253_G/A,0.32142857142857106,0.0
chr20:8417994_G/T,0.36363636363636404,0.0
chr20:9186605_T/A,0.25,0.0
chr20:10193561_C/T,0.35555555555555607,0.0
chr20:10732874_A/G,0.4,0.0
chr20:13597169_C/G,0.4,0.0
chr20:14506821_C/T,0.38888888888888895,0.0
chr20:15832877_C/T,0.4,0.0
chr20:16531380_T/A,0.4583333333333329,0.0
chr20:16840537_C/T,0.46428571428571397,0.0
chr20:17013361_A/G,0.448275862068966,0.0
chr20:17200625_G/A,0.424242424242424,0.0
chr20:17276262_A/AT,0.3571428571428571,0.0
chr20:17612418_GC/G,0.222222222222222,0.0
chr20:20220748_C/T,0.421052631578947,0.0
chr20:21838684_G/T,0.28571428571428603,0.0
chr20:21997934_G/A,0.34615384615384603,0.0
chr20:22708438_G/A,0.29824561403508804,0.0
chr20:24153919_T/G,0.404761904761905,0.0
chr20:25739985_A/G,0.33333333333333304,0.0
chr20:29304661_G/C,0.147727272727273,0.0
chr20:30589731_C/T,0.28571428571428603,0.0
chr20:30999254_C/T,0.315789473684211,0.0
chr20:31426974_C/T,0.38775510204081604,0.0
chr20:31603733_A/G,0.29787234042553196,0.0
chr20:31896317_C/T,0.368421052631579,0.0
chr20:34325660_G/A,0.266666666666667,0.0
chr20:34415833_T/G,0.31818181818181795,0.0
chr20:35559454_G/A,0.19672131147541003,0.0
chr20:40026799_G/A,0.302325581395349,0.0
chr20:40701784_C/A,0.258620689655172,0.0
chr20:42322165_G/A,0.212765957446809,0.0
chr20:43654926_GTA/G,0.277777777777778,0.0
chr20:45478216_A/C,0.3,0.0
chr20:47276408_C/G,0.40384615384615397,0.0
chr20:48330222_G/A,0.22727272727272702,0.0
chr20:52716515_T/C,0.33333333333333304,0.0
chr20:52786722_C/A,0.38235294117647106,0.0
chr20:53108260_T/C,0.179487179487179,0.0
chr20:53451862_A/G,0.33333333333333304,0.0
chr20:54839528_G/A,0.326086956521739,0.0
chr20:55028604_G/A,0.4,0.0
chr20:57784309_T/A,0.3529411764705879,0.0
chr20:58510332_T/C,0.317460317460317,0.0
chr20:58648631_G/C,0.25714285714285695,0.0
chr20:58840445_C/G,0.365079365079365,0.0
chr20:60577065_G/T,0.5,0.0
chr20:61511256_T/C,0.314285714285714,0.0
chr20:62949759_C/T,0.41509433962264203,0.0
chr20:63438227_T/TG,0.289473684210526,0.0
chr21:9657100_G/A,0.150943396226415,0.0
chr21:9880015_G/C,0.15929203539823,0.0
chr21:10790608_T/C,0.30952380952381,0.0
chr21:15018934_C/CTA,0.33333333333333304,0.0
chr21:17868556_G/T,0.166666666666667,0.0
chr21:18854373_C/T,0.222222222222222,0.0
chr21:19362385_C/A,0.303030303030303,0.0
chr21:19912345_C/T,0.272727272727273,0.0
chr21:20301532_A/G,0.5,0.0
chr21:20822393_C/A,0.272727272727273,0.0
chr21:22137184_A/G,0.21739130434782603,0.0
chr21:23249025_C/T,0.225,0.0
chr21:23830974_C/T,0.2,0.0
chr21:25201132_G/A,0.15625,0.0
chr21:25448582_T/A,0.24137931034482799,0.0
chr21:28021489_G/A,0.21052631578947398,0.0
chr21:29257826_A/G,0.29166666666666696,0.0
chr21:30936170_G/A,0.269230769230769,0.0
chr21:31121673_C/T,0.269230769230769,0.0
chr21:31273774_C/T,0.162790697674419,0.0
chr21:31326734_G/C,0.33333333333333304,0.0
chr21:31587010_C/T,0.29032258064516103,0.0
chr21:34221500_G/A,0.45,0.0
chr21:38094994_G/A,0.44,0.0
chr21:38988012_G/A,0.19607843137254896,0.0
chr21:40864950_G/A,0.1875,0.0
chr21:42389703_T/C,0.409090909090909,0.0
chr21:45935214_C/T,0.33333333333333304,0.0
chr21:45963241_A/G,0.25714285714285695,0.0
chr21:46020551_T/A,0.21875,0.0
chr22:16198286_C/G,0.307692307692308,0.0
chr22:16805682_G/A,0.28,0.0
chr22:21922741_G/A,0.25,0.0
chr22:22406908_C/T,0.294117647058824,0.0
chr22:22441600_G/A,0.23529411764705901,0.0
chr22:27250044_C/T,0.382978723404255,0.0
chr22:27594005_A/C,0.3,0.0
chr22:31192563_T/A,0.14285714285714302,0.0
chr22:32573907_T/C,0.275,0.0
chr22:32787328_G/A,0.3958333333333329,0.0
chr22:33154459_C/T,0.222222222222222,0.0
chr22:33980267_T/G,0.315789473684211,0.0
chr22:34193169_G/T,0.378378378378378,0.0
chr22:34369074_C/T,0.409090909090909,0.0
chr22:35479382_C/T,0.189189189189189,0.0
chr22:36464507_T/G,0.22,0.0
chr22:37573374_A/C,0.472222222222222,0.0
chr22:41038122_C/T,0.23636363636363603,0.0
chr22:44628689_C/T,0.3,0.0
chr22:47685125_C/G,0.3529411764705879,0.0
chr22:47872032_C/T,0.3928571428571429,0.0
chr22:48239991_C/G,0.260869565217391,0.0
chr22:48915332_G/A,0.269230769230769,0.0
chr22:48915406_C/T,0.31818181818181795,0.0
chr22:48937357_C/T,0.21739130434782603,0.0
chr22:49555224_C/T,0.161290322580645,0.0
chrX:1630709_G/A,0.19402985074626897,0.0
chrX:1696222_G/A,0.2,0.0
chrX:10253531_T/G,0.875,0.0
chrX:25841264_G/A,0.75,0.0
chrX:54077550_C/T,0.45454545454545503,0.0
chrX:66535142_A/G,0.7391304347826091,0.0
chrX:76935597_C/T,0.6842105263157889,0.0
chrX:78471683_C/T,0.56,0.0
chrX:84009930_G/T,0.857142857142857,0.0
chrX:88498969_G/A,0.6363636363636359,0.0
chrX:93065553_C/G,0.545454545454545,0.0
chrX:95271657_G/A,0.733333333333333,0.0
chrX:118622892_A/T,0.526315789473684,0.0
chrX:128402281_G/A,0.6111111111111109,0.0
chrX:138420062_A/G,0.65,0.0
chrX:142267761_G/A,0.6875,0.0
chrX:145511418_C/T,0.583333333333333,0.0
chrX:147442452_C/T,0.33333333333333304,0.0
